1789399966,82083816,map,-0.12504461813234913,-0.3307585688731649,-0.9353943620704109
1789399966,182033823,map,-0.1423615192492135,-0.3160133984411235,-0.9380131821263215
1789399966,282140647,map,-0.16249766319924436,-0.30009177901263134,-0.9399677832903738
1789399966,381730809,map,-0.17602096842342407,-0.2840188874605537,-0.942523151037124
1789399966,481789097,map,0.6810422843677872,-0.18829520873269484,-0.7076201815037619
1789399966,581854820,map,-0.1753383865254347,-0.30021507458135915,-0.9376179174934565
1789399966,681623156,map,-0.18395694566614457,-0.31796681261137405,-0.930084376935204
1789399966,781885311,map,-0.22412943161093332,-0.31900401084694674,-0.9208704789216131
1789399966,882029178,map,-0.24377978595644376,-0.30435858176252845,-0.9208350936332372
1789399966,981792245,map,-0.2819742197482581,-0.2857810611166026,-0.915871019578865
1789399967,81849564,map,0.4887556073119409,-0.21074170884463148,-0.8465848383206378
1789399967,181765764,map,-0.31234381138971523,-0.27012807802621847,-0.910753624724276
1789399967,281845911,map,-0.29446447459777664,-0.26660058845598444,-0.9177226157367914
1789399967,382098953,map,-0.2967539275798296,-0.26464703928836647,-0.9175505713920336
1789399967,481837191,map,-0.30720645189700535,-0.256690403348942,-0.9163701395950277
1789399967,581841509,map,-0.334180089785474,-0.2517138054378157,-0.908275193838842
1789399967,681685167,map,-0.356307235554785,-0.2562456909622787,-0.8985451016808068
1789399967,781725196,map,0.3924813717984962,-0.1978095804081249,-0.8982370192159373
1789399967,881892115,map,-0.3706244065428388,-0.2528058351302598,-0.8937151442147887
1789399967,981970547,map,-0.3842010197639268,-0.2505852673469421,-0.888592482638144
1789399968,81852738,map,-0.4044615536989697,-0.24767753711841037,-0.8803787191807706
1789399968,181770963,map,-0.4251511310351847,-0.2506699304690858,-0.8697189786006323
1789399968,281736904,map,-0.4085847774324585,-0.2448959793391295,-0.8792522044066747
1789399968,381813866,map,0.24622670438458552,-0.18101151310863312,-0.9521592525255579
1789399968,482042042,map,0.29531464658525486,-0.14661246124094215,-0.9440837069461051
1789399968,582081950,map,-0.3362421543005051,-0.20010414361277606,-0.9202714520076959
1789399968,681877968,map,-0.27928964025717556,-0.17944630635352976,-0.9432901568346256
1789399968,781875093,map,-0.22438091712892677,-0.20197426027487822,-0.9533412831797422
1789399968,881808824,map,-0.17248749153184145,-0.21563851632345835,-0.9611181485867752
1789399968,981919087,map,-0.09427171192530141,-0.23229953441122098,-0.9680649619953213
1789399969,81811272,map,0.6524047488666381,-0.045183053182691,-0.7565226601770426
1789399969,182033173,map,0.7230836355971941,-0.04206070935355548,-0.6894787543211319
1789399969,281656719,map,0.04588272947233865,-0.26983726452133633,-0.9618121572385175
1789399969,381966935,map,0.11289200391873193,-0.2821847589451945,-0.952694682083539
1789399969,481793655,map,0.14115168414792642,-0.3064988437193192,-0.9413472583807341
1789399969,581699526,map,0.845392842073168,-0.0669376126350218,-0.5299342398696045
1789399969,682211155,map,0.8423281730866069,-0.10778260807395001,-0.5280777956147719
1789399969,781796967,map,0.1269360455136044,-0.3841614820884078,-0.9144983302494358
1789399969,881984207,map,0.11461884749904651,-0.43028837084599597,-0.895385077892573
1789399969,981884075,map,0.12116983117228801,-0.43304288635836313,-0.8931918778113117
1789399970,81848661,map,0.8261371857037568,-0.18939875629683697,-0.530683956334359
1789399970,182018433,map,0.8282251209588932,-0.1973058182657753,-0.5245126910677184
1789399970,282149077,map,0.8265149519295627,-0.19667567372543124,-0.5274388245109765
1789399970,381753375,map,0.8227155364422605,-0.19658682528179036,-0.5333786330761204
1789399970,481762057,map,0.0949921405071029,-0.42542988097839196,-0.8999921719729512
1789399970,581747700,map,0.0835223795529553,-0.4201207465330385,-0.9036163845605802
1789399970,682307662,map,0.8085918442919007,-0.19612222646904,-0.5547209222928673
1789399970,782202702,map,0.8038367784260645,-0.19212109670823055,-0.5629706189928856
1789399970,882251891,map,0.8033483399279264,-0.18748274208517174,-0.565227092552427
1789399970,982152146,map,0.7994181211946687,-0.1837871291769845,-0.5719728653130919
1789399971,81882825,map,0.803719284119212,-0.17407416624471533,-0.5689758316318091
1789399971,181720416,map,0.8081235110329108,-0.138315877142938,-0.5725426700657522
1789399971,281703461,map,0.09344597403938776,-0.32566983745731526,-0.940854402607734
1789399971,381762784,map,0.09804014005006007,-0.29347091689647337,-0.9509274167227002
1789399971,481714353,map,0.8167108898515804,-0.06900028420165545,-0.5729068712957899
1789399971,581841602,map,0.8070479828240105,-0.06885674966627349,-0.5864574165658509
1789399971,681814136,map,0.8010827425422758,-0.07436957638691372,-0.5939154870088648
1789399971,781791475,map,0.7883837752288204,-0.04547646612554946,-0.6135005411445736
1789399971,882259914,map,-0.010377558607467361,-0.23912677706436739,-0.9709328971500333
1789399971,981932218,map,-0.036391306121942066,-0.2061139807245518,-0.9778510621708288
1789399972,81978767,map,0.7569537488943343,0.010926466454623824,-0.6533770996642209
1789399972,181954343,map,0.7566777617022279,0.008170140296994713,-0.6537369606751892
1789399972,282116009,map,0.7517683654669056,-0.005074969953690639,-0.659407741358248
1789399972,381770299,map,0.7588416511256824,-0.04300213337775044,-0.6498539567024353
1789399972,481811901,map,0.7528701379851885,-0.07771922937707276,-0.653564286597116
1789399972,582214463,map,-0.07171064478894151,-0.22305383282817082,-0.9721648888355394
1789399972,682149549,map,-0.11030235992191044,-0.24341756016890886,-0.9636292237147404
1789399972,781795830,map,-0.1516572989185579,-0.25196665183953953,-0.9557786721022287
1789399972,881863905,map,-0.1736326260715744,-0.23972579950017975,-0.9551875481901386
1789399972,982177821,map,-0.19124514834934744,-0.22257074543768574,-0.9559746631099326
1789399973,81761581,map,0.6215913225397107,-0.18040036355212324,-0.7622859939508236
1789399973,181756419,map,-0.19849064379715137,-0.21948901123824086,-0.955209944604144
1789399973,281801510,map,-0.19586385088952735,-0.23398412568664048,-0.9523070832674634
1789399973,381775819,map,0.5631780095691592,-0.20211128308828968,-0.801237517085992
1789399973,482180342,map,0.5221658170106183,-0.19078786560129474,-0.8312297214879506
1789399973,582263644,map,0.4711882207911202,-0.1773429038365714,-0.8640203441161043
1789399973,681829873,map,0.43582825364253386,-0.17204092293210824,-0.8834340123424996
1789399973,781723702,map,0.42405444638161527,-0.16984672225367056,-0.8895672641479486
1789399973,881683872,map,-0.26251861513862706,-0.2278689645739695,-0.9376351698233618
1789399973,981815778,map,-0.3069086178095937,-0.20712307663337046,-0.9289279473888875
1789399974,81693732,map,0.40251225687337094,-0.15827329247447575,-0.9016282204744894
1789399974,181917346,map,0.3774770189120225,-0.15081239835145357,-0.9136556904527959
1789399974,281766920,map,-0.33137113373419785,-0.20149862808939897,-0.9217328651001886
1789399974,381999695,map,-0.3331048103240936,-0.19804801062121896,-0.9218558297412494
1789399974,482085282,map,0.3042426051643163,-0.1512948399802892,-0.9405032209398162
1789399974,581786936,map,-0.33974575913902133,-0.19401135082538776,-0.9202893104333868
1789399974,681639896,map,-0.34699313505439955,-0.18447215126130442,-0.9195465130346294
1789399974,781642518,map,0.2875347275433314,-0.15827840997295334,-0.9446013579246093
1789399974,881792496,map,0.2853647181623683,-0.16246163361409816,-0.9445492021231878
1789399974,981712084,map,0.27892481589703966,-0.16508614475969866,-0.9460166551838199
1789399975,81721390,map,-0.34653703087381343,-0.17399315650590688,-0.9217583564699984
1789399975,181767063,map,0.2828722917313106,-0.15960335956685662,-0.9457854059910467
1789399975,281821421,map,-0.3404439965492122,-0.16894691591593675,-0.9249620666903554
1789399975,381807310,map,-0.3354625292047936,-0.16842845288524647,-0.9268747206382346
1789399975,481789294,map,-0.3231368182724442,-0.16683176939823127,-0.9315308676561486
1789399975,582187022,map,0.3594029277388345,-0.14866439180820923,-0.9212645842216282
1789399975,681871466,map,0.3901751039055191,-0.14192522655513307,-0.9097365653636175
1789399975,781787510,map,0.41404370414785796,-0.14071343209103876,-0.8993150399524528
1789399975,881819143,map,0.411672340598349,-0.14212986806969063,-0.9001805288878278
1789399975,982212197,map,-0.30178092833446285,-0.170763015210637,-0.9379596280916155
1789399976,82308215,map,-0.302160410706705,-0.16477186239056457,-0.9389085789180437
1789399976,181845890,map,-0.2716633985828452,-0.1491605024644223,-0.9507629264832423
1789399976,281840148,map,-0.2348544540977387,-0.13883493819254725,-0.9620645744062739
1789399976,381948756,map,-0.2028456472204318,-0.12336727366446423,-0.9714083380290296
1789399976,481799440,map,0.5715748847379886,-0.030799327892967073,-0.8199716778877771
1789399976,581729808,map,0.6079072659988397,0.00816483991982479,-0.7939660517521512
1789399976,681712035,map,-0.10960905469751592,-0.09369470137463988,-0.989548966985785
1789399976,781802003,map,-0.11692603639292619,-0.08782405528106373,-0.9892498356469052
1789399976,881839927,map,-0.1279773227667591,-0.08921729043847888,-0.9877560832231148
1789399976,981659700,map,-0.13422626219534436,-0.08720911890835117,-0.9871058099901427
1789399977,81615685,map,0.6646626236186837,0.057431812215053064,-0.7449330061891626
1789399977,181820008,map,0.6681883549590278,0.07215863019816954,-0.740484607797537
1789399977,281811455,map,0.6924484019740658,0.10406792721375198,-0.713922318693705
1789399977,381813346,map,-0.1360073710194781,-0.09505264863491417,-0.9861374087904067
1789399977,481868083,map,-0.11355594713386626,-0.08449854593791169,-0.9899318373529106
1789399977,581758840,map,-0.0967903764995676,-0.06979347878693325,-0.9928547191487231
1789399977,682102378,map,-0.08141665223809454,-0.05581414733327591,-0.9951161287487007
1789399977,781801220,map,0.6880254366681922,0.1008044158356595,-0.7186511450248829
1789399977,881823273,map,0.6931573978798704,0.10893651128483475,-0.7125066022666009
1789399977,981835675,map,-0.07061914881201131,-0.03809284416739951,-0.9967757375881022
1789399978,81861443,map,0.7173851513392152,0.14009578749157084,-0.6824453933943199
1789399978,181808097,map,-0.0659210582755609,-0.04507558364781033,-0.9968062027468727
1789399978,281820177,map,-0.060033287037454044,-0.04893058854673771,-0.9969963901398784
1789399978,381801556,map,-0.0612536342569983,-0.05410214166334281,-0.9966548803661925
1789399978,481672105,map,-0.0637255414677123,-0.055883036815702725,-0.9964015965266725
1789399978,581800913,map,0.6835045207141721,0.06389940302285249,-0.7271440273127552
1789399978,681821033,map,0.6536446226630847,0.02852514158004674,-0.7562638584260601
1789399978,781789531,map,0.6195620272923376,-0.004326615367136944,-0.7849357774600887
1789399978,881826196,map,-0.11496170987130949,-0.07534894465267175,-0.9905081230374608
1789399978,981851519,map,-0.18214119993057273,-0.07379461388518453,-0.9804993310805407
1789399979,81875985,map,-0.23275103128719854,-0.07208678791675235,-0.9698610480076982
1789399979,182058202,map,0.5062815732301145,-0.03233299608450338,-0.8617618847290938
1789399979,281896220,map,0.49213564997332065,-0.029803428930921423,-0.8700081940127327
1789399979,381910792,map,0.4838101535379837,-0.03485928639263959,-0.8744784534142329
1789399979,481826430,map,-0.3427574547056579,-0.10951233963156438,-0.9330189573165809
1789399979,581965870,map,-0.34386607832627814,-0.10676457632551299,-0.9329294964886359
1789399979,682093359,map,-0.34386607832627814,-0.10676457632551299,-0.9329294964886359
1789399979,781959277,map,-0.3525731782393792,-0.10438977500048695,-0.9299435084248563
1789399979,881817388,map,-0.36039661220262237,-0.10302138695552072,-0.9270927007277285
1789399979,982005566,map,-0.3580986076456193,-0.08959831774542383,-0.9293748052639791
1789399980,82324416,map,0.48000078594493667,-0.017997225211305572,-0.8770834312520883
1789399980,182241179,map,0.4797498014417264,-0.055604119486749405,-0.8756416561086662
1789399980,281888142,map,-0.32350655192543476,-0.13221283093745248,-0.9369435832518523
1789399980,381855301,map,0.5073937240293431,-0.09151976084834783,-0.8568405582078243
1789399980,481891315,map,0.5337418184080203,-0.115412948468755,-0.8377347567149453
1789399980,581835341,map,-0.2575217196581474,-0.2172218673456584,-0.9415398155421659
1789399980,681878194,map,-0.232818457686575,-0.24198663027559444,-0.9419331380349176
1789399980,781846922,map,0.6435033620750222,-0.14174773557727793,-0.7522040962776373
1789399980,881692519,map,0.6880600337468347,-0.15394674580208212,-0.7091359456530559
1789399980,981852235,map,-0.18361921259532313,-0.26504521314942486,-0.9465912632981828
1789399981,82099361,map,0.7338451604647728,-0.15771807985487174,-0.6607543323727242
1789399981,181829348,map,-0.15173277686325434,-0.28801824323871467,-0.9455277129661777
1789399981,281663471,map,-0.11333776075047296,-0.31635394348957824,-0.9418464494951718
1789399981,382146443,map,0.7936365611927981,-0.21067738149902426,-0.5707504267740715
1789399981,482186348,map,-0.07497461328306818,-0.33934375797922445,-0.9376697826439712
1789399981,581825108,map,-0.049183392747706126,-0.37844775402370345,-0.9243150390165895
1789399981,681817411,map,0.7942417390196134,-0.21437320554137995,-0.5685280896710502
1789399981,781786308,map,0.7917794073775907,-0.21229972007557238,-0.5727252385818395
1789399981,882093675,map,0.7739439430834618,-0.2256509656668877,-0.5916860777963466
1789399981,981651053,map,0.7397480176441931,-0.21977873014562535,-0.6359797010652646
1789399982,82429516,map,-0.060092748491562785,-0.40164376173254274,-0.913822274974769
1789399982,181794632,map,0.7014243253416524,-0.21492992813948728,-0.679565332995263
1789399982,281807521,map,0.6668342846756937,-0.20598166847362237,-0.7161728764997167
1789399982,381826445,map,0.6312239014542702,-0.1908692323997106,-0.7517481774876446
1789399982,481734659,map,0.6033770517884552,-0.18037460892934587,-0.776788989255549
1789399982,581942259,map,-0.11858511694662555,-0.3787118201591119,-0.9178861189224552
1789399982,682057081,map,-0.14980690836794033,-0.36445988148984504,-0.9190902485554113
1789399982,781841473,map,-0.19477488365539455,-0.3444043745534768,-0.918394453100331
1789399982,881722310,map,-0.22285588922016702,-0.32412621142281534,-0.9193897169908858
1789399982,981821656,map,0.4688280195634204,-0.15547217336776226,-0.8694991037261313
1789399983,81951236,map,0.4606472624766991,-0.13813247462032005,-0.876768794510839
1789399983,181823521,map,0.45772398396060104,-0.14252689838178473,-0.8775960561356824
1789399983,281732821,map,-0.30867488338456,-0.26327312377722895,-0.9140060605182595
1789399983,381759135,map,-0.3349657335370799,-0.24349250982354198,-0.9102248925489779
1789399983,481933559,map,-0.3352860600515597,-0.2421863966944093,-0.9104553845144089
1789399983,581806178,map,-0.35097934996775254,-0.2470632364087436,-0.903201668018528
1789399983,681865601,map,0.3850612187536327,-0.17781233351893883,-0.9055995979794363
1789399983,781954637,map,0.3645084783694934,-0.18521911560769064,-0.9125938025267657
1789399983,881787243,map,0.37070957673046134,-0.19065080512146051,-0.9089701206458115
1789399983,981810289,map,-0.37527029716676297,-0.24919369632955876,-0.8927904041677314
1789399984,82072840,map,-0.3785688766062358,-0.25371913658047474,-0.8901192085321781
1789399984,181803290,map,-0.3753585761696421,-0.2569186579870288,-0.8905609145218777
1789399984,281755981,map,-0.38691755029016917,-0.24967335426765325,-0.887669998054566
1789399984,382048925,map,0.33485307319891466,-0.21025812726328877,-0.918512351190215
1789399984,482098778,map,0.31339734764759497,-0.21461417267394917,-0.9250528954470274
1789399984,581774573,map,0.301932515957911,-0.21856948789107203,-0.9279354151935146
1789399984,681830524,map,-0.40457094001138083,-0.24964581407031086,-0.879772312598822
1789399984,781926656,map,-0.4063227075459341,-0.24687968168285201,-0.8797455769168238
1789399984,881798119,map,-0.4121217284517983,-0.24420214338761492,-0.8777932524819253
1789399984,981812133,map,0.2920955738202432,-0.21654780595544817,-0.9315509773976434
1789399985,82099444,map,0.24997413093856732,-0.22024704799708864,-0.9428701775483601
1789399985,182165704,map,0.21686901352295287,-0.22431189853095165,-0.9500799982901552
1789399985,281828722,map,0.20336068744457897,-0.22223151013602138,-0.9535499917176508
1789399985,381923746,map,-0.48019652397246526,-0.24489627688083804,-0.842280898474295
1789399985,481905895,map,-0.473256191747285,-0.2447735552227477,-0.8462354776517429
1789399985,581828508,map,-0.47531848869423754,-0.2455941980462312,-0.8448407093597317
1789399985,681923732,map,0.19780451528923357,-0.2286516689960813,-0.9532008119994957
1789399985,781995684,map,0.23207274697327174,-0.22222708398625396,-0.9469727362787412
1789399985,882011203,map,0.2653299053725108,-0.21937817529610437,-0.9388680724781124
1789399985,981710505,map,0.2650542013250544,-0.22211750606393846,-0.9383017019380674
1789399986,81788749,map,-0.43082161188059415,-0.26361954557835887,-0.8630744312778976
1789399986,181823288,map,-0.4239418941220163,-0.26088496469648703,-0.8673017384990935
1789399986,281839037,map,-0.4204777474078181,-0.2641373286152602,-0.8680034190985894
1789399986,381733466,map,-0.41826657762180885,-0.2592565148627115,-0.8705395623093647
1789399986,481982715,map,0.2660485575774293,-0.220590213481374,-0.9383805852249988
1789399986,581810287,map,0.27059705160084185,-0.21818603096767594,-0.9376417714433929
1789399986,681975218,map,0.2893599991204269,-0.20925099640649236,-0.9340689543132866
1789399986,781818693,map,-0.40189885850994655,-0.2670770754828979,-0.8758693642775186
1789399986,881844114,map,-0.3971674202458905,-0.2648930546631004,-0.878686354671834
1789399986,981775323,map,-0.4004111794535446,-0.25939729700402286,-0.8788537589813383
1789399987,81916299,map,0.28647682226560944,-0.21777873173237364,-0.9330077461144882
1789399987,181954103,map,0.2971006248493647,-0.21865505043836042,-0.9294736078189177
1789399987,281997310,map,0.2936511269625892,-0.22419420690712363,-0.9292502209969536
1789399987,381887398,map,-0.39007593317914246,-0.26355672838555866,-0.8822576819031512
1789399987,481798793,map,-0.3812545750921538,-0.2654384892830316,-0.8855435378220786
1789399987,581831273,map,-0.3738304796643097,-0.2763310987742682,-0.8853766974142464
1789399987,681893293,map,-0.36123127577654907,-0.27180424942372094,-0.8919834165476701
1789399987,781810812,map,0.321927974331227,-0.22091225000474804,-0.9206303042703041
1789399987,881824892,map,0.3262997415193655,-0.22176351101238295,-0.9188848806394935
1789399987,981811559,map,0.32208245454560924,-0.2091545070253552,-0.9233186257543256
1789399988,81919889,map,0.3419580877276359,-0.18737546475322148,-0.9208447759781085
1789399988,181837482,map,-0.35860695726134,-0.2583940147692657,-0.8970137029807204
1789399988,281869067,map,-0.34966935225099044,-0.254131650601906,-0.9017474415038412
1789399988,381665861,map,-0.33645351941058793,-0.2505436822560616,-0.9077592701580098
1789399988,481727920,map,0.41295056175209643,-0.1531550097425376,-0.8977835911506689
1789399988,582157163,map,0.4297950603583804,-0.14490861117523596,-0.8912225875160483
1789399988,682198710,map,0.4438681896622789,-0.13809711091236837,-0.8853870442713674
1789399988,782101231,map,-0.3172040628940776,-0.23376619366405155,-0.9190946355970703
1789399988,881896501,map,-0.3286455392907208,-0.2345181055138002,-0.9148734162115157
1789399988,981845769,map,0.4043451075062187,-0.14007861007873948,-0.9038158092411268
1789399989,81824895,map,0.3858092446606626,-0.14377005905067677,-0.9113075204643788
1789399989,181908122,map,0.3624943475729081,-0.15588473122956586,-0.918856788921526
1789399989,282124235,map,0.3161168780605794,-0.17241611034230467,-0.9329216496039006
1789399989,381820992,map,0.29266701398418926,-0.18041124741559225,-0.9390408940677336
1789399989,481855166,map,-0.4110762789773599,-0.22482638478362266,-0.8834417861790637
1789399989,581692958,map,0.26807325404767207,-0.18079524226302218,-0.9462820989743743
1789399989,681959138,map,0.24621043366839412,-0.1818522768273207,-0.9520032414679799
1789399989,781845188,map,0.24880747566117656,-0.1831862646105814,-0.9510718335189698
1789399989,881823821,map,0.25009676228644895,-0.18158243619318512,-0.9510412337853619
1789399989,981937371,map,0.2531373506749426,-0.17942788644154276,-0.950645630748068
1789399990,81863584,map,0.2658514452000862,-0.17936611070524522,-0.9471804513478408
1789399990,181910334,map,-0.43063655477987284,-0.19997232836824388,-0.8800927369171415
1789399990,281838304,map,0.26934726904625567,-0.17881158091388183,-0.9462972403998663
1789399990,381914753,map,0.27361606658742404,-0.17421578801796855,-0.9459297581271585
1789399990,481803866,map,0.273013991340804,-0.17816241820882237,-0.9453684537100591
1789399990,582125663,map,0.26174419314325664,-0.17979573671742777,-0.9482423057499718
1789399990,682081132,map,0.24466308140765355,-0.18076566065152588,-0.9526089189826691
1789399990,781839232,map,0.2220236037478762,-0.18193925555201204,-0.957916294186494
1789399990,881830620,map,-0.45559431387467714,-0.19561603286754053,-0.8684285744091034
1789399990,981736987,map,-0.46832475622790454,-0.1957997646698639,-0.8615882861664844
1789399991,82024348,map,0.1736491138896873,-0.18543627270889879,-0.967191487767111
1789399991,181851819,map,0.16982299571080625,-0.18810125459409674,-0.9673562260863029
1789399991,281915121,map,0.15932832011161066,-0.18648571099670697,-0.9694521989270358
1789399991,381813410,map,0.1622093953258967,-0.18480485160120375,-0.9692962802428698
1789399991,481821216,map,0.16894777218561544,-0.18308102740468457,-0.9684719860057711
1789399991,581864739,map,-0.471844151213193,-0.19642061719896117,-0.8595243091996181
1789399991,681939144,map,-0.4634574687969001,-0.1913129544282366,-0.8652205083585975
1789399991,781651797,map,0.1873049820923922,-0.18103628971918853,-0.9654753779812713
1789399991,881847332,map,0.20298836838670792,-0.17886328064970092,-0.9627064189746157
1789399991,981800538,map,0.21951837792633708,-0.18078639239736793,-0.9587116156991814
1789399992,82102057,map,0.23704711189965227,-0.180618497229216,-0.9545604355925786
1789399992,181659161,map,0.24352433110524574,-0.17854536558008988,-0.9533191766610042
1789399992,281671196,map,-0.4233046383581451,-0.1802837550383434,-0.8878687689145027
1789399992,381819820,map,-0.42788042521555475,-0.17802456597578536,-0.8861295591653002
1789399992,481884304,map,0.2291686024100068,-0.1820886790614289,-0.9562036731926459
1789399992,581855849,map,0.22267521351174208,-0.18275457260279832,-0.9576097929116372
1789399992,681783542,map,0.21862235602981944,-0.18673026743520957,-0.9577766298399362
1789399992,782191847,map,0.21689361677858984,-0.18655443160829754,-0.9582038421171183
1789399992,881692783,map,-0.4381861872057369,-0.1762708090476618,-0.8814314875359183
1789399992,981859906,map,0.24126582588440348,-0.18092488382103025,-0.9534448005389003
1789399993,81854914,map,0.2632930361743289,-0.1788272287637782,-0.9479966241262523
1789399993,181795049,map,0.33716634155563496,-0.1387955605098428,-0.931157693682841
1789399993,281917167,map,0.40580409227920167,-0.0947083445158176,-0.9090398056017825
1789399993,381930692,map,0.4739447322338855,-0.049786686733427336,-0.8791459927747258
1789399993,481840344,map,0.5450865317279466,0.0008510111419120959,-0.8383793584701585
1789399993,582432304,map,-0.05156163539297956,-0.0431152303038301,-0.9977386805529037
1789399993,681814669,map,0.6177002044204405,0.05242049218446005,-0.7846646095358737
1789399993,782116477,map,0.04436727759003419,-0.02077318553145339,-0.9987992888674505
1789399993,882301530,map,0.7401651457547507,0.15067554175973233,-0.6553262074152535
1789399993,982008093,map,0.777684337083859,0.19321931146279578,-0.5982251829639755
1789399994,82017378,map,0.7970414460446823,0.23600240431005723,-0.5559026879291682
1789399994,181804307,map,0.2791925044785796,0.05375642955664776,-0.9587292588235219
1789399994,281928312,map,0.8153474338868051,0.27210364272771614,-0.5110461521902983
1789399994,381929247,map,0.8185774300075753,0.27778677739815844,-0.5027578914198555
1789399994,482026779,map,0.32930050867600164,0.06244156395128483,-0.9421582807984252
1789399994,581752247,map,0.34247709306508695,0.06207632016445944,-0.9374731842567697
1789399994,681813908,map,0.8284933517545389,0.28810232984869755,-0.48020392921578886
1789399994,781982803,map,0.36008121507222535,0.06251109354029646,-0.9308243022915259
1789399994,881954420,map,0.3540918638396256,0.06393042571737789,-0.9330229646853152
1789399994,981860053,map,0.34653366927075346,0.06788743007661616,-0.935577742840936
1789399995,81781340,map,0.32371807979365597,0.07081376901609747,-0.9434998754278896
1789399995,181805879,map,0.28474512111099914,0.037865270640125834,-0.9578551233265042
1789399995,281780182,map,0.8286137420683058,0.23685371000216524,-0.5072470665403296
1789399995,381780308,map,0.809112525374427,0.20500207432691894,-0.550736843514103
1789399995,481787238,map,0.19529345907148538,-0.027902680495242704,-0.9803478491153406
1789399995,581866205,map,0.11964409110636831,-0.058414281512488356,-0.9910968989855184
1789399995,682034717,map,0.04959951031656499,-0.07532403838272482,-0.9959247852212911
1789399995,781964447,map,0.7226910257110933,0.11756872704984,-0.6810985800723183
1789399995,881844092,map,0.7225040375118468,0.11003331473161054,-0.6825544560167008
1789399995,981846544,map,0.01656043094383841,-0.0733590009365991,-0.9971680947104848
1789399996,82104218,map,0.733697363941597,0.06130301323657582,-0.6767053411295554
1789399996,182035644,map,-0.002650175916519506,-0.11913090555175557,-0.9928750192798841
1789399996,281816107,map,-0.02941345126126741,-0.1658724038302785,-0.9857084733999532
1789399996,381876909,map,-0.05817458723498537,-0.21989673611737728,-0.9737870110270335
1789399996,481902822,map,-0.06932432884467515,-0.23961683097047387,-0.9683893389261897
1789399996,581848031,map,0.7276521145853895,-0.03538669527271467,-0.6850329787222563
1789399996,681890809,map,0.7583284677042249,-0.04192888318605748,-0.6505227927014797
1789399996,781745302,map,0.7838779452552909,-0.05283016385768537,-0.6186633500774984
1789399996,881768246,map,-0.018804140688532027,-0.22484836057979082,-0.9742123069626797
1789399996,981857378,map,0.038234948933531646,-0.19467222190954053,-0.980122856940319
1789399997,82272558,map,0.07982053003517574,-0.17865780016737792,-0.9806681770223081
1789399997,181712809,map,0.029681548255278706,-0.17996551922320564,-0.9832250086241153
1789399997,281851846,map,0.7139744875243023,-0.04827492161155644,-0.6985055211720291
1789399997,381902463,map,0.6776652290834214,-0.02629348830357867,-0.7349003264145033
1789399997,481838334,map,0.6728747740111548,0.017568055655273553,-0.7395477685179848
1789399997,581948756,map,0.6755042380203438,0.05939581183331745,-0.7349599730279303
1789399997,681893363,map,-0.05782566504502778,-0.08283088856910321,-0.9948845341852255
1789399997,781858176,map,0.6830721194209788,0.10299612360764898,-0.7230520577327266
1789399997,882224498,map,0.6924521253806313,0.13283898200840077,-0.709128943785838
1789399997,982324044,map,0.6904818347676778,0.13515268648814213,-0.7106114178585222
1789399998,81842129,map,0.6780244738498364,0.0950792883251517,-0.7288640077492065
1789399998,181825504,map,0.6739904485957019,0.0546245932934787,-0.7367177403926735
1789399998,281710537,map,0.6914798744296378,0.01925765883885632,-0.7221389934318867
1789399998,381714136,map,-0.09112525460360772,-0.12279302314786121,-0.9882398805146636
1789399998,481825660,map,-0.11426888599852608,-0.17564576842534851,-0.9777991540837642
1789399998,581880080,map,0.7463369512336531,-0.040039120481905215,-0.6643628707673926
1789399998,681850905,map,0.7479069862973112,-0.08245038980796504,-0.6586630952681258
1789399998,781982092,map,0.7424397709375022,-0.12232888601247206,-0.658649246699043
1789399998,881864797,map,0.7327398535305188,-0.16356855751823743,-0.6605585772961222
1789399998,981739961,map,0.7167156324957543,-0.19540859255386397,-0.6694282516389107
1789399999,81896634,map,-0.06119052102632066,-0.3924961806624598,-0.9177158973788725
1789399999,181834017,map,-0.07281029063844648,-0.3593062073444287,-0.930375037789013
1789399999,282126254,map,0.7204694596257728,-0.17082771645388584,-0.6721172881556446
1789399999,382371715,map,0.714465382739003,-0.1331429760390176,-0.686885845537003
1789399999,481878265,map,0.7010440286174472,-0.10069933927937587,-0.7059723174519785
1789399999,581800240,map,0.6717601872371379,-0.06970863386389728,-0.7374814961800429
1789399999,682083175,map,0.6293241316610412,-0.033459240218276086,-0.7764223184279881
1789399999,781744704,map,-0.15293554859398073,-0.18781150905009497,-0.9702255176218487
1789399999,881924529,map,-0.12971532313964115,-0.1611222657465875,-0.9783729096941843
1789399999,982015828,map,0.6217777401911669,0.041090792554644484,-0.7821150737391506
1789400000,81825835,map,0.6312922850016655,0.08124611572404816,-0.7712775891837715
1789400000,181812923,map,0.6545979695388687,0.10392424702816705,-0.7487998725662411
1789400000,281913452,map,0.6773816014013642,0.12814986883779178,-0.724383722345954
1789400000,382224421,map,0.10700970307613165,-0.09831888831424127,-0.9893848187880234
1789400000,481808838,map,0.10847056193565513,-0.08115832073703134,-0.9907812393099238
1789400000,581777649,map,0.11822629026895616,-0.06243675309000257,-0.9910217939847835
1789400000,682276412,map,0.11822629026895616,-0.06243675309000257,-0.9910217939847835
1789400000,781930337,map,0.14397530695601543,-0.03990426084802231,-0.9887763958312791
1789400000,881811655,map,0.17176106415523532,-0.03247341492160824,-0.9846032775507049
1789400000,981814531,map,0.16255129049321296,-0.047161110078213664,-0.9855723756554775
1789400001,81782816,map,0.7559327248835697,0.06417816532621497,-0.6514958776120248
1789400001,181739981,map,0.7462183135772552,0.02881068893222512,-0.6650775689234812
1789400001,281717356,map,0.7174573898258303,0.009633040256146577,-0.6965357839477669
1789400001,381838964,map,-0.006489140179935667,-0.11126371757268748,-0.9937697299735138
1789400001,481819646,map,-0.08235247080220433,-0.1313884781265406,-0.9879044176277195
1789400001,581850586,map,-0.13386766216283338,-0.14632843423903658,-0.9801364386452579
1789400001,681820075,map,-0.11591804544655429,-0.18627328768471002,-0.9756358280808367
1789400001,781706847,map,-0.09801079879435792,-0.2290209025138532,-0.9684747335534531
1789400001,881658505,map,0.697960941700006,-0.11886996072404385,-0.7062014275677339
1789400001,981710653,map,0.7038190892369319,-0.14966006218759603,-0.6944354220600361
1789400002,81789673,map,-0.0635295442953636,-0.3081466248070652,-0.9492152836009528
1789400002,181875024,map,-0.051018364214030214,-0.31147378150834465,-0.9488841920623489
1789400002,282145519,map,-0.03500926223198011,-0.3211035415372472,-0.9463967810438758
1789400002,381739531,map,-0.010193801073684635,-0.32537073053935756,-0.9455315828294446
1789400002,481843008,map,0.7214492024733541,-0.15147500388269816,-0.6756969523753219
1789400002,582070264,map,0.7287204940518521,-0.14662754322196683,-0.6689295965327854
1789400002,681814333,map,0.7344595327692661,-0.1496088538306842,-0.661956483146604
1789400002,781838749,map,0.05431480455168466,-0.3398313970059381,-0.9389166755444835
1789400002,881873792,map,0.10528605175665354,-0.3340059757427406,-0.9366722241390716
1789400002,981686831,map,0.15678128419535606,-0.32798276618583416,-0.9315830258281564
1789400003,81714383,map,0.782314466510297,-0.11080413115135211,-0.6129490354087388
1789400003,181960863,map,0.8062898798510434,-0.0915608547512013,-0.5843913410780652
1789400003,281924869,map,0.8284189415358398,-0.07201251089592677,-0.5554603996497885
1789400003,381782959,map,0.8491235224019165,-0.048155882767810715,-0.5259945386205211
1789400003,481866945,map,0.8742998071604765,-0.02174220065945301,-0.4848990863155321
1789400003,581760739,map,0.8919614135282614,-0.004066469548034616,-0.4520932432608132
1789400003,681759484,map,0.47838872315751546,-0.23311681327990835,-0.8466408807292161
1789400003,781788771,map,0.9095638540737516,0.019031002598312922,-0.4151281926135661
1789400003,882083359,map,0.9265731464332935,0.03986268138878315,-0.37399621781670866
1789400003,981894161,map,0.9392093795925118,0.0618765228026939,-0.3377233145805852
1789400004,81863762,map,0.940231141054578,0.054454302282196894,-0.33615492016950405
1789400004,182074750,map,0.9415551943115503,0.05928065791836653,-0.33160159779727294
1789400004,282211396,map,0.9409750225492457,0.06213024195487234,-0.33272487128718775
1789400004,381799140,map,0.5869899464137235,-0.18271736874553604,-0.7887060073106595
1789400004,482017083,map,0.9404670412767883,0.0631467177754109,-0.33396741803097596
1789400004,582189605,map,0.9401907499707725,0.06421788639116367,-0.33454060551276604
1789400004,682112772,map,0.9387552244203371,0.06283142005973877,-0.3388079710939506
1789400004,782152449,map,0.9381055994303673,0.06392888680576729,-0.34039826930988754
1789400004,881803088,map,0.9381664543450887,0.06232535957092835,-0.34052790413697226
1789400004,981942209,map,0.9378692863819804,0.06646381745957244,-0.34056388920444225
1789400005,81713508,map,0.9377190314696239,0.06997068224439262,-0.34027506762312854
1789400005,181752765,map,0.5904541993182285,-0.1346837917663122,-0.7957538028454016
1789400005,281842563,map,0.9369406313139297,0.07942057073611072,-0.34034486383226853
1789400005,381893261,map,0.9366861697444975,0.08321457587825483,-0.34013872724343636
1789400005,481818984,map,0.9373901334568893,0.08105318148651752,-0.33871834829041836
1789400005,581871579,map,0.936732823491058,0.08192264395283559,-0.34032381315777394
1789400005,681835677,map,0.9357733814814335,0.08634866936164866,-0.34186559611969786
1789400005,781795561,map,0.9361860011566245,0.08656810444801999,-0.3406783446752163
1789400005,881840484,map,0.5782966415597288,-0.08499140762511383,-0.811387364327693
1789400005,981806858,map,0.937378587103615,0.08808647941657849,-0.3369898464102788
1789400006,81787194,map,0.9369794894972451,0.09411057579522839,-0.33647085428751866
1789400006,181802129,map,0.9363470697345209,0.0967297615131705,-0.33748706380716487
1789400006,281776171,map,0.9367488397761475,0.0907043809094583,-0.338044858653217
1789400006,381882660,map,0.9368121627362931,0.08414005746061874,-0.3395635764917564
1789400006,481767001,map,0.9363994283601776,0.08357814370282902,-0.34083838466628424
1789400006,581755195,map,0.93487690638175,0.08545441004202198,-0.3445326018223221
1789400006,681782043,map,0.5928329234320939,-0.11269555168666037,-0.7974013026857909
1789400006,781968216,map,0.9357073778183594,0.08670315090626919,-0.3419565275283027
1789400006,881802921,map,0.9371654551447743,0.0790653885774141,-0.3398081429459726
1789400006,981802912,map,0.9368321160461023,0.07203397109201702,-0.3422815994956446
1789400007,81838053,map,0.9364001010399853,0.07225690453384041,-0.3434148955993216
1789400007,181862463,map,0.9358302614481869,0.06675276025481462,-0.34607194448001893
1789400007,281809858,map,0.9369525050054079,0.05971938130966149,-0.3443161321519549
1789400007,381767870,map,0.5913734084398828,-0.16514071269540487,-0.7893073145490603
1789400007,481845920,map,0.9367110693567103,0.06227168095608982,-0.34452084159816965
1789400007,581840107,map,0.9372522022708323,0.07042713347457524,-0.34146497361959294
1789400007,681817896,map,0.9381932493871756,0.06899944281741086,-0.33916441985447093
1789400007,781884028,map,0.9394661027008124,0.06638981947802162,-0.3361485292929635
1789400007,881772958,map,0.9411423540953916,0.06194543832931069,-0.3322857685757459
1789400007,981797057,map,0.9401217836923946,0.07014536185927599,-0.3335425910384786
1789400008,81786730,map,0.5932659999610148,-0.17942303096576775,-0.7847565413867632
1789400008,182098523,map,0.5915685635142205,-0.17090764786200185,-0.7879322372920147
1789400008,281958878,map,0.9402942478684427,0.0810797176509072,-0.3305643761979939
1789400008,381811054,map,0.9336640325564478,0.06624945299301167,-0.3519694365830068
1789400008,481872634,map,0.9215727776297908,0.05073674300353799,-0.3848758221051372
1789400008,581847930,map,0.9128590613932,0.02883738637610782,-0.4072551278735738
1789400008,681834001,map,0.9000443582256388,-0.00016757514418772016,-0.43579826197997756
1789400008,781849950,map,0.3649053417272608,-0.21647515201850567,-0.9055289062959149
1789400008,881779052,map,0.3103657981279835,-0.22588191119339443,-0.9233907263710197
1789400008,981812731,map,0.8608590834934159,-0.04364920200983565,-0.506967834808857
1789400009,81838057,map,0.8379968730778046,-0.06553378095460083,-0.5417255433017871
1789400009,181964013,map,0.8202492097019947,-0.09124788399562929,-0.5646813771053315
1789400009,281900007,map,0.13916076169183933,-0.2722001065013591,-0.952124668531383
1789400009,381840967,map,0.7906399682904437,-0.11976787598354242,-0.6004532424960973
1789400009,482298171,map,0.11454876137161421,-0.2924228222596297,-0.9494037467220898
1789400009,582004896,map,0.14223993698989368,-0.31103662956962497,-0.9396935752632765
1789400009,681812157,map,0.14662328701634622,-0.31222375476008996,-0.9386255582861749
1789400009,781807780,map,0.133784546400447,-0.324401160718118,-0.936411011292138
1789400009,882122198,map,0.12330053447124449,-0.3327057355055623,-0.9349352232966776
1789400009,981823892,map,0.8052837162457053,-0.09938935420665414,-0.5844996942855409
1789400010,82352365,map,0.8143798802893455,-0.0936135461480533,-0.5727319744500893
1789400010,181777010,map,0.18363853987790105,-0.34499960511809774,-0.9204630134556572
1789400010,281952286,map,0.2135283625342812,-0.3592330281795799,-0.9084917555258043
1789400010,381851269,map,0.23604397889521653,-0.36545276545473077,-0.900404084980074
1789400010,481854875,map,0.2611117080653341,-0.3673454920711327,-0.8926802145036156
1789400010,581843764,map,0.26206257378930436,-0.37400930467742743,-0.889629275279109
1789400010,681786044,map,0.2637917599873678,-0.3834593105000654,-0.8850835353533482
1789400010,781779639,map,0.8316336688435523,-0.11130614271009945,-0.5440554966552695
1789400010,881830963,map,0.2879958904785223,-0.38964760206670274,-0.8747760360636039
1789400010,981919064,map,0.31444332176880146,-0.3895984522977903,-0.86564336961717
1789400011,82078342,map,0.3396762621412221,-0.38456640360266325,-0.8583290267478325
1789400011,181933734,map,0.3481406825484202,-0.38515344934989215,-0.8546665347424106
1789400011,282002512,map,0.35095173197808177,-0.38159943856240247,-0.855110957894029
1789400011,382165996,map,0.8576850906309725,-0.12263078629095313,-0.4993375367053863
1789400011,482041082,map,0.8582603390817856,-0.12241492995627316,-0.4984012191829183
1789400011,581795097,map,0.35932227634995795,-0.3704390550464169,-0.8565409553634912
1789400011,682159299,map,0.3625711498770589,-0.36427564508239474,-0.8578143247093933
1789400011,781837616,map,0.36675988436653684,-0.35625398497654853,-0.8594011202039322
1789400011,881873631,map,0.862465255503152,-0.12945600827027381,-0.48927990452563014
1789400011,981798548,map,0.8627597657500833,-0.12997958542601176,-0.48862142193659863
1789400012,81665633,map,0.8616847900049656,-0.13142938782808622,-0.4901281859771307
1789400012,181736699,map,0.37612827334258325,-0.3211612729626634,-0.8691276999045243
1789400012,282238900,map,0.3772057157314672,-0.3172810032748256,-0.870085405566851
1789400012,381692924,map,0.37751013476234596,-0.31092295959437966,-0.8722459580581542
1789400012,481767977,map,0.8532210408692843,-0.13344823429584907,-0.5041878857938331
1789400012,581900399,map,0.8493221134413519,-0.13721235430949183,-0.5097300436940734
1789400012,681920095,map,0.8496413695286245,-0.12304790159897255,-0.5128047943395353
1789400012,781746108,map,0.8483002697843853,-0.09820796557220088,-0.5203285959678831
1789400012,881556540,map,0.8421475613946566,-0.07068015343911735,-0.5345949875811183
1789400012,981809145,map,0.8421475613946566,-0.07068015343911735,-0.5345949875811183
1789400013,81812969,map,0.83906578422808,-0.042079622847733957,-0.5424001429560188
1789400013,182100971,map,0.8174718776546686,-0.03484855070003921,-0.5749133045580503
1789400013,282145022,map,0.7921354443572532,-0.03968702242280272,-0.6090536741898442
1789400013,381815428,map,0.7643915442959106,-0.03576449336462334,-0.6437596352857833
1789400013,482127921,map,0.7346040407681964,-0.03329394304727259,-0.677678697203478
1789400013,581959833,map,0.7346040407681964,-0.03329394304727259,-0.677678697203478
1789400013,681889697,map,0.6952062078124766,-0.03981666246770436,-0.7177067381660343
1789400013,781834442,map,0.6521332526219602,-0.04220831915107917,-0.7569284501319417
1789400013,881819255,map,-0.13873702592121426,-0.20178393099049532,-0.9695541670440901
1789400013,981784922,map,-0.22755582268983027,-0.2316919251847672,-0.9457997670565006
1789400014,81681683,map,-0.2906109955492369,-0.25773401463334306,-0.9214762215960112
1789400014,181796776,map,-0.2906109955492369,-0.25773401463334306,-0.9214762215960112
1789400014,282063028,map,-0.3178687055061805,-0.2591058939672747,-0.9120436512422223
1789400014,381832348,map,-0.2656134405452511,-0.2357095334857339,-0.9348211144521994
1789400014,481798466,map,-0.2004483821507889,-0.2053759084919087,-0.9579358967614976
1789400014,581765656,map,-0.1378906572610761,-0.22702661416442757,-0.9640773221589359
1789400014,681695004,map,0.632951190571796,-0.06166146994673742,-0.7717322420877293
1789400014,781676601,map,0.6751261340561467,-0.046361032816689254,-0.7362440884316639
1789400014,881863747,map,-0.01612586274461496,-0.23968503672796848,-0.970716765961861
1789400014,981793471,map,0.0007792115319561118,-0.22567754869122503,-0.9742017434012876
1789400015,81810135,map,0.009610129564529278,-0.21796063805040974,-0.975910244679505
1789400015,181776790,map,0.033656275133583165,-0.21055339315377083,-0.9770028269025459
1789400015,281793088,map,0.05746196909466141,-0.2122816235061162,-0.975517623843553
1789400015,381690238,map,0.741154011077643,-0.058791084201549514,-0.6687558151387749
1789400015,481910147,map,0.7487786321051086,-0.08667229560449526,-0.6571289624399838
1789400015,581644821,map,0.7527540524797063,-0.10944308655734847,-0.6491406221152549
1789400015,681787688,map,0.7527540524797063,-0.10944308655734847,-0.6491406221152549
1789400015,781828625,map,0.7539816876439056,-0.10801875606122596,-0.647953364862498
1789400015,882154449,map,0.7563703133575856,-0.10016388772074436,-0.6464295357330248
1789400015,982157813,map,0.08209536200995925,-0.3011007073242496,-0.9500519541505561
1789400016,81916547,map,0.7955130142819169,-0.09725248147902972,-0.5980810973055992
1789400016,181735906,map,0.827894318737178,-0.09066468744128607,-0.5535078242029446
1789400016,281755089,map,0.09759795053124397,-0.30315446268229207,-0.9479303834184827
1789400016,381800910,map,0.1178521364509271,-0.3066487111949809,-0.944498513422022
1789400016,481835598,map,0.8746147449386877,-0.08060385414583073,-0.4780711941046772
1789400016,581843143,map,0.8770736995107676,-0.07857620865873757,-0.4738855400403292
1789400016,681797011,map,0.8785028988072255,-0.05263944767179894,-0.47482812188844675
1789400016,781833040,map,0.8765565116064706,-0.025493685359190266,-0.4806232973619796
1789400016,881790184,map,0.2760631138057671,-0.27596418837609155,-0.9206698235142657
1789400016,981806132,map,0.29027963691677805,-0.2578207624721693,-0.9215563937327617
1789400017,81871826,map,0.8647135333693061,0.00968483728755745,-0.5021719915872287
1789400017,181808799,map,0.8364965976142689,0.006698620229345697,-0.5479311732934848
1789400017,282165163,map,0.80827879014135,0.0023855058390943465,-0.588795131407799
1789400017,381773980,map,0.7766171504870266,0.0007344410095720643,-0.6299724296870576
1789400017,482042466,map,0.7452523894089886,0.001372848580311974,-0.6667810670429755
1789400017,582059648,map,0.7452523894089886,0.001372848580311974,-0.6667810670429755
1789400017,681868119,map,-0.04388015006062386,-0.22258556377182867,-0.9739251507333787
1789400017,781838916,map,-0.11966048270998665,-0.2106582273924524,-0.9702084724993298
1789400017,881862065,map,-0.19149584056279428,-0.1988029119051786,-0.9611486592953093
1789400017,981787113,map,0.6222011500119654,-0.06296529070486782,-0.7803211525328781
1789400018,81886593,map,0.5894537186340351,-0.08428313089867243,-0.8033932209288458
1789400018,181718503,map,0.5704859283985526,-0.09956059099475445,-0.8152505714318861
1789400018,281650234,map,-0.32553662533138,-0.26461679797318116,-0.9077465812649902
1789400018,381761912,map,-0.3245604000683945,-0.2700487216666086,-0.9064955789377434
1789400018,481841301,map,0.5783900311529159,-0.09778092365420699,-0.8098789186244196
1789400018,581830053,map,0.5771255064331654,-0.09881162561859866,-0.8106555448936819
1789400018,681845713,map,0.6051918157481622,-0.07825683323953823,-0.7922239167071149
1789400018,782145398,map,0.6350355497033676,-0.05096362479525909,-0.7707999478208791
1789400018,881815930,map,-0.19261616486969557,-0.2043814585864804,-0.9597537352972132
1789400018,981811717,map,-0.10817597394438869,-0.17035926670646614,-0.9794261988064329
1789400019,81888991,map,0.6937393229667655,-0.0026099023467494142,-0.7202214521793656
1789400019,181859000,map,-0.024081722746598345,-0.1386651302051342,-0.9900464899663799
1789400019,281833070,map,-0.027504963847335397,-0.1125896734248056,-0.993260812879403
1789400019,381818222,map,0.7481856906554295,0.05202711694896259,-0.6614464085626568
1789400019,481841647,map,0.7462203964217403,0.054349104691767576,-0.6634766723731771
1789400019,581844231,map,0.7570255900194942,0.07733224180783496,-0.6487927099101926
1789400019,681874533,map,0.7718023106291121,0.10614318194784932,-0.6269408410955132
1789400019,781756219,map,0.7718023106291121,0.10614318194784932,-0.6269408410955132
1789400019,882155528,map,0.7662098407174447,0.11105006839028518,-0.6329220823278812
1789400019,981853608,map,0.12687029541224934,0.07798350218460473,-0.9888490792477043
1789400020,81808371,map,0.06733891778111872,0.07650882431174989,-0.9947923752997414
1789400020,181728011,map,-0.0023844888506510463,0.04968951853884261,-0.9987618664928589
1789400020,281737809,map,0.6840495917372653,0.06927497701965385,-0.726138508552609
1789400020,381787816,map,0.658302490069059,0.05162368835275096,-0.7509812423554496
1789400020,481675779,map,-0.149607601679792,-0.010267290129641952,-0.988692140290907
1789400020,581864959,map,-0.15555703593204345,-0.02868841631982902,-0.987410240650307
1789400020,681799970,map,-0.15105467225192482,-0.0426930150237644,-0.9876030540956443
1789400020,781733213,map,-0.18281818163179184,-0.08722078246075492,-0.979270160666493
1789400020,882182355,map,0.6143509614303211,-0.011712362329508773,-0.7889459530020434
1789400020,982142075,map,0.599420611521561,-0.038241474543403806,-0.7995201811761001
1789400021,81746231,map,0.579011761542681,-0.06674087566662834,-0.8125829406962057
1789400021,181787102,map,-0.28454131717264763,-0.21758478325501815,-0.9336450615290168
1789400021,281858332,map,-0.2882161610930313,-0.24976495619432634,-0.9244181473456924
1789400021,381779122,map,-0.2823843462320806,-0.2589271384855803,-0.9236968214510375
1789400021,481860346,map,0.5603016697700688,-0.08433396132059041,-0.8239841150294405
1789400021,581808751,map,0.5648835417232616,-0.08510743793451016,-0.820769948462057
1789400021,682053671,map,0.5696827323540418,-0.0843070673671817,-0.8175291449542205
1789400021,781653393,map,0.5723127288887554,-0.07961044335559848,-0.816161943281253
1789400021,882222847,map,0.5723127288887554,-0.07961044335559848,-0.816161943281253
1789400021,981850396,map,0.5704136985287227,-0.08125027670042972,-0.8173289454478455
1789400022,81810587,map,-0.2772429643367404,-0.23698781921367862,-0.9311139093956882
1789400022,181838391,map,0.5685667480705402,-0.07878956620897287,-0.8188553335266815
1789400022,281831125,map,0.5669984074035563,-0.07920988817593319,-0.8199015792258159
1789400022,381862421,map,0.6091640024143333,-0.06751810052084371,-0.7901648715708687
1789400022,482138466,map,-0.1939889169263198,-0.23431546135287112,-0.9526093452621303
1789400022,582065501,map,0.630059586897924,-0.07790036006867333,-0.7726295689780378
1789400022,681857163,map,0.6525899749193568,-0.0960970924745531,-0.7515927577170303
1789400022,782196274,map,-0.1280173474504838,-0.25152694063250847,-0.9593465259684807
1789400022,881867961,map,0.6891914655493493,-0.12094398234891815,-0.714414219446621
1789400022,981825080,map,0.7035635743679519,-0.13549669564204295,-0.6975951134380739
1789400023,81746528,map,0.7266145765293632,-0.14329850936973715,-0.6719351117388237
1789400023,181632512,map,-0.01799747206891502,-0.3004420944585374,-0.9536302422199581
1789400023,281806101,map,0.03931427265597643,-0.270531183969522,-0.9619081382676727
1789400023,381860366,map,0.03489984529653265,-0.23452032801253905,-0.9714845426187537
1789400023,481851054,map,0.7393096742414909,-0.09448006237026199,-0.6667043748074946
1789400023,581805772,map,0.7111470617230308,-0.08374044637198905,-0.6980382469780005
1789400023,681879805,map,0.690030279978947,-0.051087175467201956,-0.7219752857369562
1789400023,781775864,map,-0.04840069679842131,-0.12803433280033105,-0.9905879981979397
1789400023,881820821,map,0.6928624404086497,-0.016964865420932933,-0.720870190819554
1789400023,982012111,map,0.686696271067361,-0.009841793904898795,-0.7268778235679743
1789400024,81790918,map,0.6869695250187839,-0.009332617884298462,-0.726626295931335
1789400024,181865978,map,-0.0693024070786265,-0.15994664648396983,-0.9846899241140027
1789400024,281909324,map,-0.07655470946153153,-0.1678236761174188,-0.9828400633845246
1789400024,381873352,map,-0.07928275969009985,-0.1724689400771326,-0.9818190814628693
1789400024,481717389,map,0.6801069281672003,-0.027646106787746455,-0.7325914680355314
1789400024,581776119,map,-0.12303496918107855,-0.21782258684115444,-0.968202312030104
1789400024,681816902,map,-0.12327930055143102,-0.2668358307824648,-0.9558246980833787
1789400024,781825623,map,-0.11658398639684629,-0.3006490047699704,-0.9465824581338101
1789400024,881799626,map,-0.11787881791766087,-0.32914480297399307,-0.9368928876672863
1789400024,981923428,map,-0.15390441773270397,-0.3353463673260163,-0.9294386715236256
1789400025,81864113,map,-0.1818851691720917,-0.32383626509925206,-0.9284653244154069
1789400025,181838023,map,0.6397505196823283,-0.09578306476994126,-0.7625908975784251
1789400025,282353344,map,-0.21006100853976725,-0.3085729615429316,-0.927716066528914
1789400025,381822637,map,-0.23780746202603195,-0.29652479676474275,-0.9249435960686281
1789400025,481822687,map,-0.2808719320416254,-0.29001592078610394,-0.9148779828380356
1789400025,581776368,map,-0.338215767706991,-0.2749750530279181,-0.8999993414923505
1789400025,681831455,map,0.496629564055226,-0.14065057788019178,-0.8564908003290428
1789400025,781793552,map,0.4729233843084111,-0.1491457420983871,-0.8683887494597109
1789400025,882031350,map,0.4651125723398731,-0.1535232035470202,-0.8718376689636934
1789400025,982065362,map,0.46478121350350937,-0.15562048677348198,-0.8716425228673678
1789400026,81841362,map,-0.39131836301223355,-0.25669003914088645,-0.8837308202022129
1789400026,181830041,map,-0.3944908984819229,-0.25876701516789413,-0.8817122903056439
1789400026,281887111,map,0.3959943748409018,-0.17210623189868768,-0.9019799887115004
1789400026,381864087,map,0.36342028291382866,-0.1666571856595026,-0.9165975564198756
1789400026,481842320,map,0.33664246485556265,-0.16226146597704813,-0.9275468007140937
1789400026,581850177,map,0.31911356664435025,-0.1498490905462863,-0.9357947326449175
1789400026,682063515,map,-0.4216342326628503,-0.2597268224903167,-0.8687730149618443
1789400026,781794942,map,-0.4472225600561587,-0.24693251181700185,-0.8596605820814177
1789400026,881843471,map,0.30711033797300163,-0.12483631582072038,-0.9434506529556372
1789400026,981817315,map,0.3247311156902495,-0.1143384666032664,-0.9388697553747163
1789400027,81822131,map,0.32847551305806766,-0.11227706155880782,-0.9378153862935706
1789400027,181794031,map,0.3162314789894064,-0.11363960387961665,-0.9418512048759382
1789400027,281755785,map,0.32294633970120007,-0.11109806722379585,-0.9398738644800876
1789400027,381666468,map,-0.4446261932505819,-0.22475634161272767,-0.8670594761493349
1789400027,481826883,map,-0.41930952869879495,-0.21359970735924555,-0.8823574582664552
1789400027,581798528,map,0.34430069352897635,-0.11009850145074732,-0.9323815487308647
1789400027,681851981,map,0.3574154922055181,-0.10942187326851444,-0.927513352778221
1789400027,781902164,map,-0.3913348563578723,-0.19268682850146618,-0.8998493297888319
1789400027,881779991,map,0.4500280618760948,-0.07954142701855382,-0.889464954291004
1789400027,981771760,map,0.4959887890570091,-0.06208601989591261,-0.8661064872538746
1789400028,81873488,map,-0.37625882075853684,-0.1758764157936769,-0.9096685034500013
1789400028,181957094,map,0.5157697795088841,-0.04744711278346045,-0.8554123602297729
1789400028,282040270,map,-0.3612663918973832,-0.15304722865715767,-0.9198169056316643
1789400028,381821554,map,0.5544451038637669,-0.020015475352991845,-0.8319795715928912
1789400028,481873369,map,-0.3318485108312723,-0.13522891765869202,-0.9335896880792577
1789400028,581810581,map,-0.29445249419154146,-0.11934575094021585,-0.9481847501393893
1789400028,681818282,map,-0.29445249419154146,-0.11934575094021585,-0.9481847501393893
1789400028,781807493,map,-0.2551012385666777,-0.096866147145373,-0.9620500546327919
1789400028,881804253,map,-0.21399430299455238,-0.07641376932131551,-0.973841554948229
1789400028,981859200,map,0.6302997117366429,0.050742581191371504,-0.7746918508921738
1789400029,81984488,map,0.628946636872594,0.05354505032763419,-0.7756023823790542
1789400029,181953304,map,-0.177005852396532,-0.027507965757978446,-0.9838253097157214
1789400029,281773363,map,-0.1801039036778804,-0.020692639281838152,-0.9834299154284155
1789400029,382057033,map,-0.1801039036778804,-0.020692639281838152,-0.9834299154284155
1789400029,482112909,map,-0.17786130969074707,-0.014836462636504653,-0.9839437147985285
1789400029,581838473,map,-0.1770307632885163,-0.015370278190905596,-0.9840852927454101
1789400029,681866039,map,-0.17877579946561398,-0.009783056601770654,-0.983841199243535
1789400029,781745060,map,0.6056216264464928,0.06367039699700086,-0.7932014410769495
1789400029,881804615,map,0.5962606678710537,0.06302047411311182,-0.8003134609592193
1789400029,981841984,map,-0.17956649911349384,-0.019350293669158077,-0.9835555086170994
1789400030,81847262,map,-0.1816632298795367,-0.027000641738042445,-0.9829900489096869
1789400030,181804805,map,-0.1831166585614827,-0.03216803771529866,-0.9825647595486134
1789400030,281820174,map,-0.18155947074795925,-0.037223242151091386,-0.9826752204189756
1789400030,381887551,map,0.5530557950966216,0.08739444587879196,-0.828547825016506
1789400030,481961050,map,0.5451218612617242,0.0902578648382536,-0.8334840575616268
1789400030,581836510,map,0.5299515129093474,0.09681132791592963,-0.8424838044450755
1789400030,682048967,map,-0.17847591849344163,-0.04750963591041176,-0.9827966122314336
1789400030,782218213,map,-0.18074145116859264,-0.057075861968031286,-0.9818731454776007
1789400030,882035071,map,0.51956027020948,0.10903768805758995,-0.8474478793429764
1789400030,982067107,map,0.5139921120512848,0.10670889297868205,-0.851131788213978
1789400031,81909342,map,0.5122990447216077,0.107062551844881,-0.8521075629108045
1789400031,181791764,map,-0.1749791417957206,-0.07408614418616069,-0.9817808020001514
1789400031,281770224,map,-0.14342627938457736,-0.058228489813369755,-0.9879465296036782
1789400031,381854911,map,-0.1392881493887595,-0.047748253766015575,-0.9891000534334992
1789400031,481818455,map,-0.1392881493887595,-0.047748253766015575,-0.9891000534334992
1789400031,582011495,map,-0.13508080066287179,-0.048761389295575476,-0.9896340253882963
1789400031,681857669,map,-0.1349214514381654,-0.048875067905604454,-0.989650155195785
1789400031,782179014,map,0.5642233305722149,0.1157352991384608,-0.8174701057355725
1789400031,881816908,map,0.5517609804053223,0.10595424123532535,-0.8272445341411475
1789400031,981902832,map,-0.13573060077399168,-0.05276291100627561,-0.9893398198979334
1789400032,81754413,map,0.5498139442709903,0.10463803782122115,-0.8287071302493427
1789400032,181758631,map,-0.13613971243185485,-0.05454207156218851,-0.9891871112831369
1789400032,281839903,map,-0.12960432378841805,-0.057625119146892806,-0.9898899256476213
1789400032,381842132,map,-0.13545350152122268,-0.05177060666195147,-0.9894302164435316
1789400032,481840147,map,-0.1324827959876526,-0.039306233742862975,-0.9904056384917472
1789400032,581823601,map,0.5357248474969434,0.10509679548957016,-0.8378266833613025
1789400032,681818242,map,0.5389651232485074,0.10677329452557084,-0.8355333981941577
1789400032,781682040,map,0.5411121751180857,0.11043093137858412,-0.8336681733962455
1789400032,881692295,map,-0.18534572293094714,-0.029411234574606,-0.9822331404875332
1789400032,981728286,map,-0.1816913462705418,-0.018934933823962042,-0.9831732924421209
1789400033,81746557,map,-0.17985753200408452,-0.005680328608872376,-0.9836762689260603
1789400033,181824617,map,0.5495108221965518,0.11179839718116048,-0.8279728103486209
1789400033,281809032,map,0.5492456255822178,0.11415897256751616,-0.8278266556237044
1789400033,381821386,map,0.5475711969264497,0.11798071089388837,-0.828399864892256
1789400033,481782247,map,0.5477938412560419,0.1250857501499921,-0.8272094430018097
1789400033,581852466,map,-0.15813117148508385,0.012816577191185057,-0.9873349320032476
1789400033,681886915,map,0.5829312506288162,0.12754844648645972,-0.8024478492956506
1789400033,781892993,map,0.590062998843746,0.09842819250757355,-0.8013348540499269
1789400033,881795811,map,0.6241481191950924,0.07487124331858311,-0.77771037168676
1789400033,981780675,map,0.6673599820051787,0.053206536917844514,-0.74283222792718
1789400034,82259621,map,0.03696598382716735,-0.13518778185744326,-0.9901301831962068
1789400034,182035548,map,0.08758229341612196,-0.17522701825616505,-0.9806247161646631
1789400034,281749383,map,0.7443114527566355,0.017109611984993865,-0.6676134528849984
1789400034,382097924,map,0.13793473069281081,-0.21884130334990784,-0.9659619526755779
1789400034,482154573,map,0.8135341211219942,-0.016330938246118174,-0.5812878239102091
1789400034,582251439,map,0.8434419575493075,-0.03202647600384078,-0.5362648311050872
1789400034,681801767,map,0.21782110492804468,-0.30181018824248673,-0.9281511603833508
1789400034,781771738,map,0.8678987553713287,-0.052947741746574566,-0.4939112137508489
1789400034,881729846,map,0.25520259152838365,-0.33706180825680054,-0.9062345031457658
1789400034,981780205,map,0.8779441738275793,-0.06297618683794383,-0.4746030209907662
1789400035,81832897,map,0.8840143119559056,-0.057459949685603084,-0.4639149172415722
1789400035,181810936,map,0.8854522632265551,-0.05498646955037553,-0.4614659009215709
1789400035,281759663,map,0.8854522632265551,-0.05498646955037553,-0.4614659009215709
1789400035,381814738,map,0.31379813940871587,-0.3749329315360004,-0.8723279340669133
1789400035,481800204,map,0.8865064487514254,-0.04800389367671108,-0.46021945038645595
1789400035,581855762,map,0.888271729069042,-0.022034150492949777,-0.45878952859535566
1789400035,681857318,map,0.8869782893378857,0.0071113459551164025,-0.46175636758137356
1789400035,781690060,map,0.8853392404489411,0.031202424151594715,-0.4638974434596035
1789400035,881796123,map,0.2990627827858025,-0.23125078245552774,-0.9257885976647791
1789400035,981722577,map,0.22654712672607752,-0.21361142219031404,-0.9502876194510744
1789400036,82112140,map,0.8529999976490701,0.04335198968348805,-0.5201073052757181
1789400036,181814138,map,0.8245517015411937,0.034227067655559426,-0.5647503867419871
1789400036,281872030,map,0.7905544705833732,0.0269463373208707,-0.6117985975348688
1789400036,381814315,map,0.026916827978791642,-0.11930737629702651,-0.9924924354032528
1789400036,481735366,map,-0.026454415592251937,-0.08578424173079643,-0.9959624630307835
1789400036,581769732,map,-0.026454415592251937,-0.08578424173079643,-0.9959624630307835
1789400036,681813331,map,-0.08246112509708849,-0.0555014100524797,-0.9950476151068897
1789400036,781884230,map,-0.1463856952156052,-0.06987992632533012,-0.9867563144632064
1789400036,881858028,map,0.6086273405371135,-0.05643687796060198,-0.7914465485152996
1789400036,982140553,map,0.5706297706924015,-0.08779006914471556,-0.8165014198145056
1789400037,81766610,map,0.5416347591300414,-0.11062237046478017,-0.8333033534403272
1789400037,181874946,map,-0.19530305765608952,-0.1560393708395315,-0.9682501899912984
1789400037,281927479,map,-0.12642542772828513,-0.17551201253270438,-0.9763258394001667
1789400037,381695613,map,-0.05378946320071087,-0.20180182054133042,-0.9779482189128339
1789400037,481931907,map,0.652295038952195,-0.10602779084281383,-0.750512684587907
1789400037,581867404,map,0.6907993259451936,-0.10320024251510851,-0.7156437669808137
1789400037,681805123,map,0.7241841593442145,-0.10316798415101337,-0.6818457819779554
1789400037,781907418,map,0.7499841240701589,-0.10147411995295091,-0.6536258995958549
1789400037,881827480,map,0.13706597913675314,-0.2923112071419468,-0.9464497216136212
1789400037,981800414,map,0.7788188138266257,-0.10178503465599328,-0.6189354263166442
1789400038,81835130,map,0.8084670246961446,-0.10221965946095858,-0.5795965935015918
1789400038,181780111,map,0.833691626627439,-0.10084283483225026,-0.5429447433710824
1789400038,281783182,map,0.8524655653710617,-0.10402613717773715,-0.5123290179566985
1789400038,381752503,map,0.8570763112930333,-0.09597439527777558,-0.5061710304545224
1789400038,482160592,map,0.8570763112930333,-0.09597439527777558,-0.5061710304545224
1789400038,581894874,map,0.3397239907796406,-0.37708383496815584,-0.8616236948311388
1789400038,681814187,map,0.8631664956861744,-0.09211854226455583,-0.49644513785100436
1789400038,781769474,map,0.8683308909796545,-0.0907867971918215,-0.4876056000766709
1789400038,881803784,map,0.344694157708487,-0.3708837914841561,-0.8623405074887609
1789400038,981792758,map,0.33984126136348397,-0.37268298665786503,-0.8634901901762694
1789400039,81749059,map,0.3432567964065874,-0.3662077331854482,-0.8649084736987274
1789400039,181657599,map,0.8712362015240628,-0.0894372824201735,-0.4826473388170879
1789400039,281808437,map,0.34153289471940257,-0.35906033192396725,-0.8685798523240313
1789400039,381845108,map,0.3389151348134449,-0.3539645673821859,-0.8716912391623117
1789400039,481998131,map,0.34100909138049884,-0.35275638904527784,-0.8713642921210297
1789400039,581822111,map,0.34238576058643777,-0.32175440239108194,-0.8827491690676375
1789400039,682000223,map,0.3601714023529915,-0.2885152215724061,-0.8871502284551952
1789400039,782071432,map,0.8658826962826068,-0.009308899312178966,-0.5001604749197586
1789400039,882409894,map,0.3747558900179672,-0.2588472967676281,-0.8902561989971948
1789400039,982283416,map,0.3280236852839929,-0.23974524884444687,-0.9137410341826738
1789400040,81883776,map,0.2733037616895911,-0.23308604417545703,-0.9332609227096976
1789400040,181771003,map,0.22034138224335684,-0.22307505715212314,-0.9495721110835469
1789400040,281926662,map,0.7850382895260202,-0.0136769013698498,-0.6192962347269522
1789400040,382484492,map,0.756366112448641,-0.01990991208790938,-0.6538454705356468
1789400040,482061737,map,0.08731295159214751,-0.205580366433068,-0.974737483336674
1789400040,582568588,map,0.02548601539243577,-0.19357663810806128,-0.9807540712116352
1789400040,681903108,map,-0.04137144569132136,-0.18454821097617186,-0.9819523213002271
1789400040,781882070,map,-0.10441686863833999,-0.20529459080794962,-0.973114201175155
1789400040,882361746,map,0.622374751334699,-0.07882926842729596,-0.7787397609858437
1789400040,982080277,map,0.5945864516329697,-0.10443394891523146,-0.7972204850908469
1789400041,81845721,map,0.5530630027828818,-0.09959942509124999,-0.8271645963617367
1789400041,182254508,map,-0.22649047614052922,-0.18572103455186853,-0.9561431700025996
1789400041,282003956,map,0.543556420150398,-0.06574672813302197,-0.8367937534739887
1789400041,382018443,map,0.5429829833028808,-0.05622928814824446,-0.8378590257303703
1789400041,481911318,map,0.5414905780439595,-0.04695956966418012,-0.8393942772657994
1789400041,581804750,map,0.5399612118436566,-0.04198576104193737,-0.8406420674544305
1789400041,681884992,map,0.5399515691198101,-0.04047532598675357,-0.8407223388202082
1789400041,781823086,map,0.5403695604317575,-0.04464477552345684,-0.8402425734139215
1789400041,881749960,map,-0.23263245718367745,-0.1564164395947505,-0.9599041813062315
1789400041,981741180,map,0.5575445299220685,-0.03026046455106351,-0.8295953239014391
1789400042,81999416,map,-0.22280239210420522,-0.15598005701539872,-0.96230417014898
1789400042,181877573,map,-0.22440367075884443,-0.16281509008894224,-0.9607987505140115
1789400042,282027828,map,0.5519148874914765,-0.056464081193927776,-0.8319866372125193
1789400042,381818914,map,0.5441278902265053,-0.08422072567509402,-0.834764462854291
1789400042,482044221,map,-0.2513216306065279,-0.24179886586810886,-0.9372143545924659
1789400042,581676574,map,-0.2532165863284797,-0.24925875129560282,-0.9347467225461176
1789400042,681690042,map,-0.2587656254774438,-0.2584827381034156,-0.9307131809391271
1789400042,782116028,map,-0.2587656254774438,-0.2584827381034156,-0.9307131809391271
1789400042,881876575,map,0.5173120692747964,-0.10533001658819079,-0.8492901804378523
1789400042,981907463,map,0.5122434411612115,-0.1112330850697708,-0.851606633236955
1789400043,81995976,map,0.4847620956661599,-0.13991934910711176,-0.8633818890565144
1789400043,181903595,map,0.47485292516576627,-0.1529036872026819,-0.8666805420114956
1789400043,281768723,map,-0.27290255469803204,-0.362347346219326,-0.8911950383205125
1789400043,381872515,map,0.4788470772009237,-0.16579946253266067,-0.8620997708386273
1789400043,482084463,map,0.5119911168624114,-0.16957356286596786,-0.84208663629755
1789400043,581799254,map,0.5572200521749121,-0.16962042173759495,-0.8128559072700086
1789400043,681799214,map,0.6008294465794342,-0.17365335546305763,-0.7802874395115379
1789400043,781769554,map,0.6386123881621203,-0.17426716670034847,-0.7495366383947528
1789400043,881818836,map,0.6818031336975134,-0.16034914297378772,-0.7137455003205432
1789400043,981749565,map,0.0252680935633246,-0.3672252566555392,-0.9297887579025402
1789400044,81932476,map,0.7215024451042359,-0.15018931759708568,-0.675927060109544
1789400044,181787224,map,0.7455386589841552,-0.14041656209210673,-0.6515023384841694
1789400044,281849522,map,0.7684932465337186,-0.12935250643637505,-0.6266466780496749
1789400044,381798629,map,0.7792889741889525,-0.12017362905970021,-0.6150341401793495
1789400044,481827387,map,0.7719985086830605,-0.11203448096309378,-0.6256728998977507
1789400044,581764777,map,0.09890300776794377,-0.31133702081974,-0.9451388546248339
1789400044,681709331,map,0.05195147959292562,-0.3120923226194363,-0.9486302893804897
1789400044,781950517,map,0.7003373600289061,-0.12923035139677044,-0.7020164516773163
1789400044,881857995,map,0.6609883877309406,-0.13575463738595345,-0.7380142476355455
1789400044,981824654,map,0.6175936286102639,-0.14369044270071452,-0.7732600898639992
1789400045,81828933,map,0.5739538145450672,-0.155032102372973,-0.804078395433544
1789400045,181756615,map,0.5746371963304726,-0.15003016160130137,-0.8045390252830135
1789400045,281735580,map,0.5870769850065538,-0.149758602289944,-0.7955582786419717
1789400045,381977947,map,-0.09315094464022242,-0.3251380382473655,-0.9410675627165613
1789400045,481799971,map,-0.07355681732267351,-0.32796926067601406,-0.9418203430999925
1789400045,581799335,map,-0.07363483765203141,-0.3255573629648597,-0.9426506850914211
1789400045,681855219,map,-0.07830663744084466,-0.3241548571732421,-0.9427574975059616
1789400045,781818670,map,-0.08362709412112637,-0.31644419663616463,-0.944917763376342
1789400045,881948519,map,0.6285149762964457,-0.11570489500495384,-0.7691432258318155
1789400045,981710410,map,-0.07711190380768786,-0.30981009285062705,-0.947666323480496
1789400046,81814898,map,-0.07212594038393416,-0.3011084636499781,-0.950858318490238
1789400046,181833295,map,-0.08372769455636309,-0.29766802225008726,-0.9509907579435238
1789400046,281813763,map,-0.08818069252565193,-0.29658961517101873,-0.9509252155865905
1789400046,381705685,map,-0.1522293385181728,-0.2575481265390445,-0.9541987167307174
1789400046,481901174,map,0.5068385579360682,-0.0424158372993841,-0.860996848388819
1789400046,581746673,map,0.47442413823215607,-0.03514230969303885,-0.8795946538787708
1789400046,682160978,map,0.4399819310793112,-0.030613258103493968,-0.8974846676974538
1789400046,782183081,map,0.4399819310793112,-0.030613258103493968,-0.8974846676974538
1789400046,881910985,map,0.49125311400862215,-0.027102968290813757,-0.8705950879063463
1789400046,982089622,map,0.5258597942116063,-0.03269794205441895,-0.8499425400679349
1789400047,81816153,map,0.5535894582760701,-0.03809287641715615,-0.8319180515242319
1789400047,181927855,map,0.5854875543382646,-0.03564741060639376,-0.8098972686903303
1789400047,282026467,map,0.6083856262697723,-0.007973233770583652,-0.7936015103889209
1789400047,382165405,map,0.6345441037141714,0.018197055788476208,-0.7726724063936865
1789400047,481839757,map,0.6345441037141714,0.018197055788476208,-0.7726724063936865
1789400047,581842272,map,0.6558706527025199,0.02061044768488053,-0.754591874041723
1789400047,681767391,map,-0.19386888331353638,-0.06923130862603048,-0.9785815663442112
1789400047,781673457,map,-0.23976756523081377,-0.10791325464866493,-0.9648140982253627
1789400047,881940868,map,0.5081605735574313,-0.023055912432316927,-0.8609536900343108
1789400047,981643579,map,0.3945857793676436,-0.05104473269215385,-0.9174401876881216
1789400048,81757556,map,0.2768669209814198,-0.07698295478657245,-0.9578195721212827
1789400048,182060125,map,0.2768669209814198,-0.07698295478657245,-0.9578195721212827
1789400048,281846526,map,0.28332372137595935,-0.05873934062903771,-0.9572237767461398
1789400048,381859343,map,0.2696730601409972,-0.0527960228848652,-0.9615035208472879
1789400048,481780321,map,0.2762772632327914,-0.07475277655780083,-0.9581664240712562
1789400048,581808321,map,0.2672436826116737,-0.09019002475462912,-0.9593990689691702
1789400048,681951389,map,0.26061751340185685,-0.10683170405742232,-0.9595131571356489
1789400048,782052188,map,0.26061751340185685,-0.10683170405742232,-0.9595131571356489
1789400048,881989165,map,0.20808500418274017,-0.1446244218505923,-0.9673595027902765
1789400048,982105969,map,0.20105626506906799,-0.16188253066581987,-0.9661109794126691
1789400049,82127082,map,0.19588037493130456,-0.18105824100341023,-0.9637680177727017
1789400049,182102998,map,0.20532523813492398,-0.1813377647167144,-0.9617474521267952
1789400049,281754516,map,0.20487420719156238,-0.17398171294193532,-0.9632013926430022
1789400049,381730440,map,0.07411512546531042,-0.19679245548429533,-0.9776398506821021
1789400049,482291324,map,-0.42625021944485797,-0.14999321814246638,-0.8920833957284918
1789400049,581854417,map,-0.4277862317232207,-0.18493675253542147,-0.8847583497824134
1789400049,681760627,map,-0.1435631755454769,-0.22012624040917877,-0.9648492384360466
1789400049,782136858,map,-0.14771473764880494,-0.21994064187861967,-0.9642647304196942
1789400049,881845266,map,-0.14869659259825413,-0.25341425203762,-0.9558611511165638
1789400049,981789548,map,-0.026174662012802847,-0.2505933702211106,-0.9677385235019536
1789400050,81657418,map,-0.3232607914510212,-0.24630600525727803,-0.9136935002968234
1789400050,181974177,map,-0.2791701500614468,-0.24720814073262265,-0.9278750791298305
1789400050,281753124,map,0.22716317539044295,-0.2406590782943521,-0.9436525312746444
1789400050,381808313,map,0.3521783822145985,-0.22222503065102264,-0.9091679838472427
1789400050,481757912,map,0.45516948142776614,-0.19187158168416926,-0.8694860777026817
1789400050,581699243,map,0.48805042546875227,-0.20856397016876219,-0.8475304434338709
1789400050,681801192,map,0.5086063904788101,-0.22022360365688173,-0.8323587591636751
1789400050,782073746,map,0.5086063904788101,-0.22022360365688173,-0.8323587591636751
1789400050,881823290,map,0.5202857547703867,-0.2321884726813544,-0.8218219068246533
1789400050,981849607,map,0.4393995161787759,-0.2746563525493075,-0.8552730284454013
1789400051,81741682,map,0.35053091050617097,-0.28326035113139747,-0.8926878817686685
1789400051,181762517,map,0.22352452352846422,-0.3032064913486087,-0.9263382810752449
1789400051,281707243,map,0.09933216848694978,-0.3163172111686739,-0.9434386796300822
1789400051,381766879,map,-0.020876277973803585,-0.31750205306050033,-0.9480277566191445
1789400051,481786496,map,-0.020876277973803585,-0.31750205306050033,-0.9480277566191445
1789400051,582001694,map,-0.13326380836561957,-0.32158717184729185,-0.9374553046855898
1789400051,681778686,map,-0.22849981324680219,-0.34061041359333405,-0.9120155598990373
1789400051,781765070,map,-0.2646599796717301,-0.3347803591382675,-0.9043656375025603
1789400051,881793249,map,-0.28672778333522964,-0.3318999203822321,-0.898682158003559
1789400051,981491748,map,-0.2983327323763361,-0.3407214858067947,-0.8915752631732666
1789400052,81363907,map,-0.29550719008541115,-0.34482058333045446,-0.8909401023185958
1789400052,181275810,map,-0.294880929420456,-0.34912376893078173,-0.8894705343246027
1789400052,281423734,map,-0.294880929420456,-0.34912376893078173,-0.8894705343246027
1789400052,381444492,map,-0.29356501273429675,-0.35545571730755826,-0.8873955241783009
1789400052,481441333,map,-0.2929714472758537,-0.3494748308709078,-0.8899635237855774
1789400052,581445679,map,-0.29013858006147003,-0.3485051155436439,-0.8912708840749962
1789400052,681432964,map,-0.29175763555794293,-0.345725310060654,-0.8918248101937417
1789400052,781436479,map,-0.2899690999789818,-0.3379219835539499,-0.895391899722319
1789400052,881519939,map,-0.2787680436159905,-0.33874245288699956,-0.8986333671028537
1789400052,981430927,map,-0.2787680436159905,-0.33874245288699956,-0.8986333671028537
1789400053,81540812,map,-0.2760709641267136,-0.34312213599462915,-0.897804000078319
1789400053,181419059,map,-0.28005377290740896,-0.33804977871970904,-0.8984944247951021
1789400053,281457692,map,-0.28070148253295446,-0.3367360201437044,-0.8987855864674179
1789400053,381400114,map,-0.2791987294095658,-0.33534300277683643,-0.8997739382671065
1789400053,481434199,map,-0.27801501090816966,-0.3368766751087698,-0.8995675402533101
1789400053,581314491,map,-0.2760191776102461,-0.33936094162109465,-0.8992483332725213
1789400053,681351815,map,-0.27451254218861604,-0.33917805711669063,-0.8997783670169506
1789400053,781411606,map,-0.27451254218861604,-0.33917805711669063,-0.8997783670169506
1789400053,881408926,map,-0.2730761832081645,-0.34101799457956866,-0.8995199417119057
1789400053,981319009,map,-0.26914264152545275,-0.34498843798378465,-0.8991914235412892
1789400054,81841045,map,-0.27538544819508975,-0.3473454754220644,-0.8963894107062007
1789400054,181790022,map,-0.27372625537737816,-0.3425867585558976,-0.8987259036988093
1789400054,281790610,map,-0.26758272307607955,-0.3457087140487777,-0.8993803263035782
1789400054,381717974,map,-0.2639779473716186,-0.3443000607367328,-0.9009845234398587
1789400054,481781965,map,-0.26525359705194446,-0.34528636141014374,-0.9002321133325274
1789400054,581895819,map,-0.26525359705194446,-0.34528636141014374,-0.9002321133325274
1789400054,681848072,map,-0.26564293155866514,-0.3388244770844104,-0.9025695577856558
1789400054,781777521,map,-0.26710894786207345,-0.33853576201398866,-0.9022451705659744
1789400054,881774349,map,-0.26926564524211943,-0.3391471726377515,-0.9013740664031578
1789400054,981396845,map,-0.26961449279606264,-0.33846331097002746,-0.9015268228963177
1789400055,81408204,map,-0.27145170270652147,-0.33735320896165755,-0.9013915827768766
1789400055,181408593,map,-0.2725719531169879,-0.32921682004890046,-0.9040579714658129
1789400055,281412277,map,-0.2725719531169879,-0.32921682004890046,-0.9040579714658129
1789400055,381392303,map,-0.2747416162316551,-0.3315439872221316,-0.9025495160085507
1789400055,481406862,map,-0.2786373834179763,-0.32612836704391446,-0.9033280117273312
1789400055,581433870,map,-0.28092122844580586,-0.32768963878328644,-0.9020547455906314
1789400055,681384370,map,-0.27626239056114094,-0.3239642419383308,-0.9048349360556136
1789400055,781472914,map,-0.27703955206789443,-0.32409458979089545,-0.9045505975114336
1789400055,881694315,map,-0.2770336454445895,-0.32377543302152667,-0.904666694569555
1789400055,982052501,map,-0.2105282611228313,-0.2401191739076741,-0.947639506136428
1789400056,82213311,map,-0.19632250042162916,-0.25651716338861696,-0.9463912619605366
1789400056,181956542,map,-0.15855860905978128,-0.26689554052583814,-0.9505924142030844
1789400056,282065926,map,-0.0562159205149903,-0.33924065110142093,-0.9390183975412496
1789400056,381805316,map,0.0760878573137824,-0.33736849464554836,-0.9382926711799439
1789400056,482252734,map,0.21292724013652783,-0.32136890661068,-0.9227047286492562
1789400056,581793435,map,-0.10752171740492995,-0.2944469836901068,-0.9495999442302492
1789400056,681687030,map,-0.08692097493730148,-0.3191288093773647,-0.9437168786989744
1789400056,781793605,map,0.417555162282338,-0.27264192914227303,-0.8667837474970042
1789400056,881750896,map,0.5031345988381439,-0.24960692209157673,-0.8273765526626614
1789400056,981849370,map,0.6002545774335859,-0.21959179402717918,-0.7690733945898482
1789400057,82104734,map,-0.017393718000217752,-0.3809233493476527,-0.9244430001335373
1789400057,182061051,map,0.774034557862144,-0.14375688768423103,-0.6166072173422062
1789400057,282120077,map,0.015309557887483737,-0.39755033845466164,-0.9174526395579632
1789400057,382151794,map,0.045410074058214824,-0.3951993039102998,-0.9174723076817316
1789400057,481904226,map,0.060292169937039966,-0.40300345373116364,-0.9132103101285252
1789400057,581825059,map,0.0814862326266386,-0.4095359345795737,-0.9086475181170928
1789400057,681680839,map,0.09993338538200289,-0.4187219471726705,-0.9025991632181029
1789400057,781659042,map,0.8190314008182087,-0.08953784464922156,-0.5667191004804184
1789400057,882008501,map,0.8440256419230866,-0.08115162450346267,-0.5301274654427657
1789400057,981807641,map,0.1873188758589727,-0.4103431336495203,-0.892485378823442
1789400058,81898798,map,0.23573359339721453,-0.4028283326359398,-0.8843975392151346
1789400058,182130533,map,0.2849806197985554,-0.3949349945695724,-0.8733913191711737
1789400058,281627215,map,0.2879411083188667,-0.3980814774927604,-0.8709885506809396
1789400058,381840292,map,0.8822600510040322,-0.058069237630598396,-0.4671671714101535
1789400058,481829386,map,0.8799167322977589,-0.059943706233867675,-0.47133140814652064
1789400058,581811974,map,0.8847909162749129,-0.05152018685031637,-0.4631314120466336
1789400058,681751484,map,0.3149556231570807,-0.37318494869679636,-0.8726602715306253
1789400058,781951513,map,0.33044816284579137,-0.33873350650530165,-0.8809447333643945
1789400058,882223856,map,0.8843691312071299,0.0018008220441692706,-0.46678474354664984
1789400058,981807016,map,0.8885906684141148,0.0292436342334272,-0.45776788208018526
1789400059,81826251,map,0.8834500019454995,0.03462818581994375,-0.46724402918530333
1789400059,182318404,map,0.8587040902288113,0.025155215683134252,-0.511853983620568
1789400059,281904406,map,0.8268250649699646,0.01868149597675334,-0.5621488358481982
1789400059,381801361,map,0.20396968022610892,-0.28968410201847167,-0.9351360813198315
1789400059,482158860,map,0.7945548540489206,0.00801709259552539,-0.6071394486718957
1789400059,581871391,map,0.7564722570637629,-0.0029666470163863326,-0.6540190542318599
1789400059,681852415,map,0.7230429927666584,-0.010637250418187515,-0.6907211300623247
1789400059,781800882,map,0.6837319119969507,-0.020645197734996224,-0.7294411890807079
1789400059,881720991,map,-0.053449044190758736,-0.27034087094056386,-0.961279882851083
1789400059,981752278,map,0.6111105042031171,-0.07556438316264287,-0.7879301845023209
1789400060,82264973,map,-0.1231578422810115,-0.2893852508719533,-0.9492567210520356
1789400060,182081020,map,-0.19410188425857483,-0.30057939777319986,-0.9337968109613415
1789400060,282033796,map,-0.22417178193092605,-0.2585702595220394,-0.9396214307244266
1789400060,381863740,map,0.5260628183875385,-0.0843159314947007,-0.846255714785041
1789400060,481833583,map,0.5318438280197925,-0.053985254587633105,-0.8451199529560062
1789400060,581894386,map,0.5460240949182461,-0.03555984671969925,-0.8370144473484206
1789400060,682082320,map,0.5512595528483509,-0.03668986240354884,-0.833526699866444
1789400060,781789940,map,-0.20720814097178344,-0.18221165035001696,-0.9611782877238441
1789400060,882374743,map,0.567606035688844,-0.037554122325166944,-0.8224433574088742
1789400060,981806505,map,0.5936562928004213,-0.03691163752182794,-0.8038717167769479
1789400061,81943005,map,0.6159261201961079,-0.03492638744445532,-0.7870293272300909
1789400061,182077558,map,0.6134687893843667,-0.03713160891343603,-0.7888455413265509
1789400061,282090403,map,-0.09639964236994442,-0.18490723277311794,-0.9780165766586653
1789400061,381774451,map,0.610838950221194,-0.03914726201629428,-0.7907864874726283
1789400061,482084591,map,-0.09831567368887054,-0.18996759582887832,-0.976855332606676
1789400061,581914625,map,-0.10885596034169535,-0.2277888713562986,-0.9676066401096631
1789400061,681884115,map,-0.08727183350576782,-0.2723399867108208,-0.9582351270512325
1789400061,781957914,map,0.6602732700421516,-0.09692906320559175,-0.7447442282917878
1789400061,881859267,map,0.7013849459757387,-0.0897000679794781,-0.7071160126620575
1789400061,981766879,map,0.7201937252405958,-0.08722331498225706,-0.6882681827947441
1789400062,81838225,map,0.7293972771826017,-0.08870317179461146,-0.6783150885482224
1789400062,182216449,map,0.07762926825553983,-0.3113336155663562,-0.9471246362166332
1789400062,281893032,map,0.08606401194027274,-0.31608212894828697,-0.9448201276477248
1789400062,381773217,map,0.7753650340922755,-0.08774339612141077,-0.6253880078352683
1789400062,482066837,map,0.8047231159876621,-0.08312820986100017,-0.587801333207414
1789400062,581993096,map,0.8331829208031187,-0.07351052786176511,-0.5480897944456444
1789400062,681730053,map,0.8585273323305163,-0.0499791659266593,-0.5103262707471788
1789400062,782161328,map,0.29672263452493264,-0.2791357163329601,-0.9132573186281446
1789400062,881915220,map,0.3566120470353535,-0.24556315762238806,-0.9014025646334589
1789400062,981927319,map,0.8657292514347197,0.012881229870965011,-0.5003468168453671
1789400063,81718286,map,0.3263154579030008,-0.21748933096308298,-0.9199003276718546
1789400063,182162124,map,0.8105309756273579,0.012081623584748322,-0.5855711501774313
1789400063,281800883,map,0.7790597279742194,0.0036898856413111487,-0.6269388526743971
1789400063,381892363,map,0.1896823807973031,-0.21077014689551088,-0.9589559633229837
1789400063,481675913,map,0.1157500881551127,-0.20578870225118331,-0.9717267759601242
1789400063,581914303,map,0.6913908980231519,-0.02158885427156525,-0.7221582565490618
1789400063,681819101,map,0.6485941812530396,-0.0284796927863053,-0.7606014035902755
1789400063,781853282,map,0.5868897589998792,-0.04227122801591554,-0.8085626469625531
1789400063,881807373,map,0.5150711791704041,-0.07542194081875256,-0.8538227047995046
1789400063,981821220,map,0.4792774304834577,-0.10270573646384999,-0.8716333382372388
1789400064,81672170,map,0.44320390595902953,-0.1334456211608557,-0.8864324925992126
1789400064,181753192,map,0.4435603245019625,-0.13743759040860304,-0.8856439167466748
1789400064,281980796,map,0.4435603245019625,-0.13743759040860304,-0.8856439167466748
1789400064,381810196,map,0.44455052201122675,-0.13497542389121567,-0.8855260969191888
1789400064,481780839,map,0.44698162774677197,-0.12832846513890986,-0.8852904774659771
1789400064,581788366,map,0.47001441657682264,-0.11899973586463128,-0.8746002007054978
1789400064,681879283,map,0.48444819125062627,-0.1075330291769194,-0.8681858082403976
1789400064,781711190,map,0.49103262309730644,-0.1049577557519683,-0.8647952547058112
1789400064,881749052,map,0.5051422919060111,-0.07934225969568667,-0.85938121387096
1789400064,982039901,map,0.5051422919060111,-0.07934225969568667,-0.85938121387096
1789400065,81995408,map,0.5410847959657059,-0.045017539436899776,-0.8397622667861409
1789400065,182118600,map,0.5748252756466148,-0.04427817344570162,-0.817077319373207
1789400065,281860185,map,-0.09568382319468743,-0.18555544229916138,-0.9779641014945336
1789400065,381798074,map,0.645579070317311,-0.03400563576982366,-0.7629359610767646
1789400065,481765327,map,-0.048319464584069514,-0.20329864435888756,-0.977923765200615
1789400065,581779929,map,0.6757228721500543,-0.04314348532191675,-0.7358921386504675
1789400065,681992628,map,0.01497176213547504,-0.22273238533484999,-0.9747646540891841
1789400065,781800389,map,0.015624816563768504,-0.21927274123617715,-0.9755384821000764
1789400065,882026780,map,-0.005093234532114833,-0.21340726776126814,-0.9769500483794815
1789400065,981913477,map,-0.015511019220788578,-0.21240023790806817,-0.977059643634578
1789400066,82006779,map,-0.018041092476072645,-0.21698474074408844,-0.9760082690564105
1789400066,181720710,map,-0.027939376414177427,-0.24381794316232822,-0.9694184864328091
1789400066,281885499,map,-0.027939376414177427,-0.24381794316232822,-0.9694184864328091
1789400066,382127376,map,-0.04664999555240898,-0.2877427390164844,-0.9565709038321475
1789400066,482069700,map,-0.11173088939321116,-0.30162127893082763,-0.9468583909178467
1789400066,581833751,map,0.6612149431673827,-0.11339842620952006,-0.7415764261796345
1789400066,681665552,map,0.6211597638057298,-0.12301115263798597,-0.7739695111278506
1789400066,781708179,map,0.5888670390599999,-0.12318644112567595,-0.7987870248267049
1789400066,881889619,map,0.5888670390599999,-0.12318644112567595,-0.7987870248267049
1789400066,981891666,map,0.5372350342629492,-0.13559566142338783,-0.8324616114654428
1789400067,81859290,map,0.5287754132166508,-0.14210641697497384,-0.8367809322828139
1789400067,181832305,map,-0.2928903453972052,-0.31115087743302666,-0.90410197270317
1789400067,281730227,map,-0.2928512525940141,-0.31334891765916406,-0.9033551901970495
1789400067,381821696,map,-0.29484454423626894,-0.32296952336871965,-0.8993093915383565
1789400067,481776824,map,-0.29484454423626894,-0.32296952336871965,-0.8993093915383565
1789400067,581813184,map,-0.29384964544422554,-0.3244756897113779,-0.899092827609379
1789400067,681770692,map,-0.28446469761001514,-0.3221335385818213,-0.9029450809071375
1789400067,782093114,map,-0.27718653597866555,-0.3321065184681949,-0.9015946343357876
1789400067,881791268,map,0.5035983673493154,-0.1158505468305455,-0.8561351150386064
1789400067,981852162,map,0.4903729010914514,-0.11288980813564573,-0.8641703009790667
1789400068,81724063,map,0.49419658036360486,-0.10456255689367078,-0.86303905569376
1789400068,181676901,map,-0.2376194880757768,-0.29103269936127907,-0.9267345611279927
1789400068,282399177,map,0.5096296752866267,-0.11304577425383465,-0.8529350778286696
1789400068,382157668,map,0.5251620484749822,-0.12351797746173891,-0.8419905771950906
1789400068,481858308,map,-0.20165182928813252,-0.32049200172849024,-0.9255384468366592
1789400068,581821179,map,-0.19503423093863892,-0.32657914110411584,-0.9248284778043288
1789400068,681848031,map,0.5315778455286121,-0.12047874819806387,-0.8383972002432896
1789400068,781734569,map,0.5118229464326224,-0.11821106307122918,-0.8509191595401993
1789400068,881975908,map,-0.2168566919595939,-0.2870299894964448,-0.9330524959947392
1789400068,981862116,map,-0.2266180493639122,-0.28173049484140933,-0.9323476754831913
1789400069,81922477,map,-0.2328347642616561,-0.27465777882343506,-0.932926083397284
1789400069,181855626,map,-0.2455929195747782,-0.28457138843140023,-0.9266624211334793
1789400069,282050502,map,-0.2634640499290378,-0.29851776773281946,-0.9173188304743362
1789400069,381850231,map,-0.2867349467821309,-0.30197642763136207,-0.90917177004615
1789400069,481957607,map,-0.3116881548894448,-0.2876395280685158,-0.905601455384285
1789400069,581847256,map,-0.3116881548894448,-0.2876395280685158,-0.905601455384285
1789400069,682062783,map,-0.3419232659126135,-0.27396522812870133,-0.8989057425581621
1789400069,781900662,map,0.4625949536737486,-0.09347646137214874,-0.8816280735122513
1789400069,881844362,map,-0.36921644844616675,-0.2793421186120393,-0.8863674153341472
1789400069,981893036,map,-0.3681523664858247,-0.29010810750847466,-0.8833465463841121
1789400070,81644660,map,-0.3694084845318103,-0.28196447788011686,-0.885456608067106
1789400070,181833834,map,-0.3694084845318103,-0.28196447788011686,-0.885456608067106
1789400070,281835225,map,-0.3879170798527213,-0.27329194403257023,-0.88024533653149
1789400070,382087669,map,-0.38344795774261076,-0.27497084163349883,-0.881679476881699
1789400070,482021379,map,0.41956369647516417,-0.1620274535837024,-0.8931480330187587
1789400070,582018619,map,0.44289376702345545,-0.16738062440131324,-0.8808114654719248
1789400070,681775540,map,0.48883252172747743,-0.16513028901368693,-0.856606533568249
1789400070,781821311,map,-0.31057843878140073,-0.3323498345176298,-0.8905529859925303
1789400070,882230078,map,-0.27431223285336975,-0.35184561361574446,-0.894962269085328
1789400070,981753065,map,-0.24007787563500446,-0.3726711853806914,-0.8963697904422782
1789400071,81797147,map,0.5814455119315449,-0.1743943347073318,-0.794674608048257
1789400071,182086124,map,0.6173840767107792,-0.17363542688565078,-0.7672598258440335
1789400071,281887774,map,0.6523078283210276,-0.1778062695200179,-0.7368035203705801
1789400071,381696365,map,0.7029297741400587,-0.1645916850976741,-0.6919532569647421
1789400071,481811003,map,-0.10705246184184199,-0.4728092691595432,-0.8746377338135027
1789400071,581917469,map,-0.07561226557135851,-0.4884533995143344,-0.869307806129714
1789400071,681904631,map,-0.027459795993175808,-0.4526428051880308,-0.8912690113066445
1789400071,782042277,map,0.7521258354660062,-0.1274374454497806,-0.6465805635199658
1789400071,881881941,map,0.760329579066871,-0.08490581388810076,-0.6439642334508913
1789400071,981894494,map,0.7724312568092861,-0.042172945594902055,-0.6336966120817407
1789400072,82056201,map,0.8019818403283504,-0.0027236896747368927,-0.5973422045177356
1789400072,181874445,map,0.8019818403283504,-0.0027236896747368927,-0.5973422045177356
1789400072,282249106,map,0.8096031831472715,0.0033112391263376497,-0.5869682457622846
1789400072,381813742,map,0.8159029907566516,0.002766814483793284,-0.5781821982835199
1789400072,482188096,map,0.8216877456217246,0.00417568328348375,-0.5699226371747345
