1789399972,781795830,map,-0.09342666666666669,-0.04769333333333334,0.686
1789399972,881863905,map,-0.09473333333333335,-0.04769333333333334,0.686
1789399972,982177821,map,-0.09473333333333335,-0.04769333333333334,0.686
1789399973,81761581,map,0.5690171428571429,0.09550857142857141,0.732
1789399973,181756419,map,-0.09514761904761904,-0.04790190476190476,0.689
1789399973,281801510,map,-0.09645999999999999,-0.04790190476190476,0.689
1789399973,381775819,map,0.5689228571428572,0.09677047619047618,0.731
1789399973,482180342,map,0.5701228571428572,0.09650571428571429,0.729
1789399973,582263644,map,0.5687342857142857,0.09789428571428571,0.729
1789399973,681829873,map,0.56864,0.09776,0.728
1789399973,781723702,map,0.56864,0.09776,0.728
1789399973,881683872,map,-0.09865333333333334,-0.046386666666666666,0.686
1789399973,981815778,map,-0.09865333333333334,-0.046386666666666666,0.686
1789399974,81693732,map,0.5684514285714286,0.09610857142857143,0.726
1789399974,181917346,map,0.56864,0.09637333333333332,0.728
1789399974,281766920,map,-0.09807809523809526,-0.04611619047619048,0.682
1789399974,381999695,map,-0.09807809523809526,-0.04611619047619048,0.682
1789399974,482085282,map,0.5672533333333334,0.09637333333333332,0.728
1789399974,581786936,map,-0.09779047619047619,-0.04598095238095238,0.68
1789399974,681639896,map,-0.09807809523809526,-0.04611619047619048,0.682
1789399974,781642518,map,0.5673457142857143,0.09511714285714284,0.729
1789399974,881792496,map,0.56864,0.09637333333333332,0.728
1789399974,981712084,map,0.5687342857142857,0.09511714285714284,0.729
1789399975,81721390,map,-0.09706285714285716,-0.047554285714285716,0.684
1789399975,181767063,map,0.5687342857142857,0.09511714285714284,0.729
1789399975,281821421,map,-0.09706285714285716,-0.046251428571428575,0.684
1789399975,381807310,map,-0.09692095238095239,-0.04618380952380952,0.683
1789399975,481789294,map,-0.09706285714285716,-0.047554285714285716,0.684
1789399975,582187022,map,0.5687342857142857,0.09511714285714284,0.729
1789399975,681871466,map,0.5687342857142857,0.09511714285714284,0.729
1789399975,781787510,map,0.5687342857142857,0.09511714285714284,0.729
1789399975,881819143,map,0.5687342857142857,0.09511714285714284,0.729
1789399975,982212197,map,-0.09473333333333335,-0.046386666666666666,0.686
1789399976,82308215,map,-0.09356285714285716,-0.04514571428571429,0.687
1789399976,181845890,map,-0.09081333333333334,-0.04508,0.686
1789399976,281840148,map,-0.08858571428571427,-0.0439647619047619,0.689
1789399976,381948756,map,-0.08739999999999999,-0.04271428571428571,0.69
1789399976,481799440,map,0.5742,0.10246666666666666,0.742
1789399976,581729808,map,0.5768190476190476,0.10219047619047619,0.74
1789399976,681712035,map,-0.08345714285714285,-0.04534285714285714,0.69
1789399976,781802003,map,-0.08202380952380953,-0.04265238095238095,0.689
1789399976,881839927,map,-0.08345714285714285,-0.04271428571428571,0.69
1789399976,981659700,map,-0.08333619047619048,-0.04265238095238095,0.689
1789399977,81615685,map,0.5764038095238095,0.10303999999999999,0.736
1789399977,181820008,map,0.5779114285714286,0.10318,0.737
1789399977,281811455,map,0.5795304761904762,0.10486761904761906,0.739
1789399977,381813346,map,-0.08082857142857142,-0.04271428571428571,0.69
1789399977,481868083,map,-0.08082857142857142,-0.0414,0.69
1789399977,581758840,map,-0.07916857142857144,-0.04122000000000001,0.687
1789399977,682102378,map,-0.07916857142857144,-0.04122000000000001,0.687
1789399977,781801220,map,0.5813761904761905,0.10685047619047619,0.743
1789399977,881823273,map,0.5812666666666667,0.10529333333333332,0.742
1789399977,981835675,map,-0.08094571428571429,-0.04146,0.691
1789399978,81861443,map,0.57844,0.10388,0.742
1789399978,181808097,map,-0.08094571428571429,-0.04014380952380952,0.691
1789399978,281820177,map,-0.08141428571428572,-0.041699999999999994,0.695
1789399978,381801556,map,-0.08176571428571429,-0.041879999999999994,0.698
1789399978,481672105,map,-0.08176571428571429,-0.041879999999999994,0.698
1789399978,581800913,map,0.5770266666666667,0.10388,0.742
1789399978,681821033,map,0.5768190476190476,0.10500952380952382,0.74
1789399978,781789531,map,0.5768190476190476,0.1036,0.74
1789399978,881826196,map,-0.08464857142857142,-0.04265238095238095,0.689
1789399978,981851519,map,-0.08608571428571428,-0.0414,0.69
1789399979,81875985,map,-0.08739999999999999,-0.0414,0.69
1789399979,182058202,map,0.5739,0.10486761904761906,0.739
1789399979,281896220,map,0.572492380952381,0.10346,0.739
1789399979,381910792,map,0.5725904761904762,0.1036,0.74
1789399979,481826430,map,-0.08596095238095237,-0.04002761904761904,0.689
1789399979,581965870,map,-0.08596095238095237,-0.04002761904761904,0.689
1789399979,682093359,map,-0.08596095238095237,-0.04002761904761904,0.689
1789399979,781959277,map,-0.08558666666666669,-0.042466666666666666,0.686
1789399979,881817388,map,-0.08739999999999999,-0.044028571428571424,0.69
1789399979,982005566,map,-0.08752666666666666,-0.0467247619047619,0.691
1789399980,82324416,map,0.5727866666666667,0.09964,0.742
1789399980,182241179,map,0.5742,0.09822666666666667,0.742
1789399980,281888142,map,-0.08608571428571428,-0.04928571428571428,0.69
1789399980,381855301,map,0.574,0.09937142857142857,0.74
1789399980,481891315,map,0.574,0.09937142857142857,0.74
1789399980,581835341,map,-0.08670952380952379,-0.049642857142857134,0.695
1789399980,681878194,map,-0.08164857142857142,-0.04978571428571429,0.697
1789399980,781846922,map,0.5804990476190476,0.09902095238095238,0.748
1789399980,881692519,map,0.5833485714285714,0.10044571428571429,0.748
1789399980,981852235,map,-0.07831333333333333,-0.04804095238095238,0.691
1789399981,82099361,map,0.5818142857142857,0.10031142857142857,0.747
1789399981,181829348,map,-0.07733142857142856,-0.04957142857142857,0.694
1789399981,281663471,map,-0.07721999999999998,-0.049499999999999995,0.693
1789399981,382146443,map,0.581595238095238,0.10004285714285714,0.745
1789399981,482186348,map,-0.07744285714285715,-0.049642857142857134,0.695
1789399981,581825108,map,-0.07854,-0.049499999999999995,0.693
1789399981,681817411,map,0.5803914285714286,0.10031142857142857,0.747
1789399981,781786308,map,0.5803914285714286,0.09888857142857142,0.747
1789399981,882093675,map,0.5787571428571429,0.09862380952380952,0.745
1789399981,981651053,map,0.5771304761904762,0.09835904761904762,0.743
1789399982,82429516,map,-0.08621047619047618,-0.049357142857142856,0.691
1789399982,181794632,map,0.5759190476190477,0.09862380952380952,0.745
1789399982,281807521,map,0.5743,0.09835904761904762,0.743
1789399982,381826445,map,0.5728847619047619,0.09835904761904762,0.743
1789399982,481734659,map,0.5725904761904762,0.09796190476190476,0.74
1789399982,581942259,map,-0.08739999999999999,-0.04797142857142857,0.69
1789399982,682057081,map,-0.08739999999999999,-0.04797142857142857,0.69
1789399982,781841473,map,-0.0887142857142857,-0.04797142857142857,0.69
1789399982,881722310,map,-0.08884285714285714,-0.04804095238095238,0.691
1789399982,981821656,map,0.5742,0.09822666666666667,0.742
1789399983,81951236,map,0.572492380952381,0.09782952380952381,0.739
1789399983,181823521,map,0.5725904761904762,0.09796190476190476,0.74
1789399983,281732821,map,-0.08727333333333331,-0.04790190476190476,0.689
1789399983,381759135,map,-0.08739999999999999,-0.04797142857142857,0.69
1789399983,481933559,map,-0.08727333333333331,-0.04790190476190476,0.689
1789399983,581806178,map,-0.08858571428571427,-0.04790190476190476,0.689
1789399983,681865601,map,0.5721980952380952,0.09743238095238095,0.736
1789399983,781954637,map,0.5708923809523809,0.0975647619047619,0.737
1789399983,881787243,map,0.5708923809523809,0.0975647619047619,0.737
1789399983,981810289,map,-0.08884285714285714,-0.04804095238095238,0.691
1789399984,82072840,map,-0.09055047619047618,-0.04824952380952381,0.694
1789399984,181803290,map,-0.09015904761904761,-0.04804095238095238,0.691
1789399984,281755981,map,-0.08884285714285714,-0.04804095238095238,0.691
1789399984,382048925,map,0.5710847619047619,0.09782952380952381,0.739
1789399984,482098778,map,0.5711809523809523,0.09796190476190476,0.74
1789399984,581774573,map,0.5710847619047619,0.09782952380952381,0.739
1789399984,681830524,map,-0.09041999999999999,-0.04818,0.693
1789399984,781926656,map,-0.09015904761904761,-0.04804095238095238,0.691
1789399984,881798119,map,-0.09015904761904761,-0.049357142857142856,0.691
1789399984,981812133,map,0.5710847619047619,0.09782952380952381,0.739
1789399985,82099444,map,0.5708923809523809,0.0975647619047619,0.737
1789399985,182165704,map,0.5710847619047619,0.09782952380952381,0.739
1789399985,281828722,map,0.5710847619047619,0.09782952380952381,0.739
1789399985,381923746,map,-0.09015904761904761,-0.0467247619047619,0.691
1789399985,481905895,map,-0.08884285714285714,-0.0467247619047619,0.691
1789399985,581828508,map,-0.08884285714285714,-0.0467247619047619,0.691
1789399985,681923732,map,0.5710847619047619,0.09782952380952381,0.739
1789399985,781995684,map,0.5710847619047619,0.09782952380952381,0.739
1789399985,882011203,map,0.5710847619047619,0.09782952380952381,0.739
1789399985,981710505,map,0.5710847619047619,0.09782952380952381,0.739
1789399986,81788749,map,-0.09015904761904761,-0.04804095238095238,0.691
1789399986,181823288,map,-0.09041999999999999,-0.04818,0.693
1789399986,281839037,map,-0.09174,-0.04818,0.693
1789399986,381733466,map,-0.09015904761904761,-0.04804095238095238,0.691
1789399986,481982715,map,0.5696771428571429,0.09782952380952381,0.739
1789399986,581810287,map,0.5710847619047619,0.09782952380952381,0.739
1789399986,681975218,map,0.5710847619047619,0.09782952380952381,0.739
1789399986,781818693,map,-0.09174,-0.04818,0.693
1789399986,881844114,map,-0.09147523809523808,-0.0467247619047619,0.691
1789399986,981775323,map,-0.09147523809523808,-0.04804095238095238,0.691
1789399987,81916299,map,0.5696771428571429,0.09782952380952381,0.739
1789399987,181954103,map,0.5696771428571429,0.09782952380952381,0.739
1789399987,281997310,map,0.5696771428571429,0.09782952380952381,0.739
1789399987,381887398,map,-0.09041999999999999,-0.04818,0.693
1789399987,481798793,map,-0.09041999999999999,-0.04818,0.693
1789399987,581831273,map,-0.09147523809523808,-0.04804095238095238,0.691
1789399987,681893293,map,-0.09174,-0.04818,0.693
1789399987,781810812,map,0.5682695238095238,0.09642190476190475,0.739
1789399987,881824892,map,0.5680847619047619,0.09616095238095237,0.737
1789399987,981811559,map,0.5680847619047619,0.0975647619047619,0.737
1789399988,81919889,map,0.5680847619047619,0.0975647619047619,0.737
1789399988,181837482,map,-0.09187238095238094,-0.046927619047619044,0.694
1789399988,281869067,map,-0.09187238095238094,-0.04824952380952381,0.694
1789399988,381665861,map,-0.09147523809523808,-0.0467247619047619,0.691
1789399988,481727920,map,0.5696771428571429,0.09782952380952381,0.739
1789399988,582157163,map,0.5682695238095238,0.09782952380952381,0.739
1789399988,682198710,map,0.5696771428571429,0.09782952380952381,0.739
1789399988,782101231,map,-0.09174,-0.04818,0.693
1789399988,881896501,map,-0.09174,-0.04686,0.693
1789399988,981845769,map,0.5694885714285715,0.0975647619047619,0.737
1789399989,81824895,map,0.5696771428571429,0.09782952380952381,0.739
1789399989,181908122,map,0.5694885714285715,0.0975647619047619,0.737
1789399989,282124235,map,0.5682695238095238,0.09782952380952381,0.739
1789399989,381820992,map,0.5680847619047619,0.0975647619047619,0.737
1789399989,481855166,map,-0.09265714285714285,-0.046657142857142855,0.69
1789399989,581692958,map,0.5694885714285715,0.0975647619047619,0.737
1789399989,681959138,map,0.5680847619047619,0.0975647619047619,0.737
1789399989,781845188,map,0.5680847619047619,0.0975647619047619,0.737
1789399989,881823821,map,0.5680847619047619,0.0975647619047619,0.737
1789399989,981937371,map,0.5680847619047619,0.0975647619047619,0.737
1789399990,81863584,map,0.5680847619047619,0.0975647619047619,0.737
1789399990,181910334,map,-0.09279142857142857,-0.0467247619047619,0.691
1789399990,281838304,map,0.5680847619047619,0.0975647619047619,0.737
1789399990,381914753,map,0.5693942857142857,0.09743238095238095,0.736
1789399990,481803866,map,0.5696771428571429,0.09782952380952381,0.739
1789399990,582125663,map,0.5694885714285715,0.0975647619047619,0.737
1789399990,682081132,map,0.5680847619047619,0.0975647619047619,0.737
1789399990,781839232,map,0.5694885714285715,0.0975647619047619,0.737
1789399990,881830620,map,-0.09279142857142857,-0.04540857142857142,0.691
1789399990,981736987,map,-0.09147523809523808,-0.0467247619047619,0.691
1789399991,82024348,map,0.5694885714285715,0.0975647619047619,0.737
1789399991,181851819,map,0.5707961904761905,0.09883428571428571,0.736
1789399991,281915121,map,0.5710847619047619,0.09782952380952381,0.739
1789399991,381813410,map,0.5708923809523809,0.0975647619047619,0.737
1789399991,481821216,map,0.5707961904761905,0.09883428571428571,0.736
1789399991,581864739,map,-0.09134285714285714,-0.04534285714285714,0.69
1789399991,681939144,map,-0.09265714285714285,-0.04534285714285714,0.69
1789399991,781651797,map,0.5704114285714286,0.09829714285714286,0.732
1789399991,881847332,map,0.5706038095238095,0.09856571428571428,0.734
1789399991,981800538,map,0.5704114285714286,0.09829714285714286,0.732
1789399992,82102057,map,0.5707961904761905,0.09883428571428571,0.736
1789399992,181659161,map,0.5693942857142857,0.09743238095238095,0.736
1789399992,281671196,map,-0.09212000000000001,-0.046386666666666666,0.686
1789399992,381819820,map,-0.09225428571428572,-0.04645428571428571,0.687
1789399992,481884304,map,0.5694885714285715,0.0975647619047619,0.737
1789399992,581855849,map,0.5721980952380952,0.09883428571428571,0.736
1789399992,681783542,map,0.5747980952380952,0.09996380952380952,0.734
1789399992,782191847,map,0.5764038095238095,0.10023619047619048,0.736
1789399992,881692783,map,-0.08000857142857143,-0.042280952380952384,0.683
1789399992,981859906,map,0.5764038095238095,0.10163809523809524,0.736
1789399993,81854914,map,0.5792076190476191,0.10303999999999999,0.736
1789399993,181795049,map,0.5849304761904762,0.10598761904761904,0.737
1789399993,281917167,map,0.5863342857142857,0.10739142857142857,0.737
1789399993,381930692,map,0.5865685714285714,0.10768285714285714,0.739
1789399993,481840344,map,0.5877380952380953,0.1087952380952381,0.737
1789399993,582432304,map,-0.07361142857142858,-0.03973714285714286,0.684
1789399993,681814669,map,0.5891419047619048,0.1087952380952381,0.737
1789399993,782116477,map,-0.07230857142857143,-0.03973714285714286,0.684
1789399993,882301530,map,0.5891419047619048,0.1087952380952381,0.737
1789399993,982008093,map,0.5905457142857142,0.1087952380952381,0.737
1789399994,82017378,map,0.5891419047619048,0.1087952380952381,0.737
1789399994,181804307,map,-0.07350380952380953,-0.03837809523809524,0.683
1789399994,281928312,map,0.5919495238095238,0.1087952380952381,0.737
1789399994,381929247,map,0.5918247619047619,0.1100495238095238,0.736
1789399994,482026779,map,-0.07220285714285715,-0.03967904761904762,0.683
1789399994,581752247,map,-0.07350380952380953,-0.03967904761904762,0.683
1789399994,681813908,map,0.5905457142857142,0.1087952380952381,0.737
1789399994,781982803,map,-0.07382666666666667,-0.03985333333333334,0.686
1789399994,881954420,map,-0.07361142857142858,-0.03973714285714286,0.684
1789399994,981860053,map,-0.07350380952380953,-0.03967904761904762,0.683
1789399995,81781340,map,-0.07230857142857143,-0.04104000000000001,0.684
1789399995,181805879,map,-0.07361142857142858,-0.04104000000000001,0.684
1789399995,281780182,map,0.5891419047619048,0.10598761904761904,0.737
1789399995,381780308,map,0.5849304761904762,0.10598761904761904,0.737
1789399995,481787238,map,-0.07610571428571429,-0.043581904761904766,0.683
1789399995,581866205,map,-0.07621714285714286,-0.04364571428571429,0.684
1789399995,682034717,map,-0.07740666666666667,-0.042280952380952384,0.683
1789399995,781964447,map,0.5893838095238095,0.10627523809523809,0.739
1789399995,881844092,map,0.5893838095238095,0.10627523809523809,0.739
1789399995,981846544,map,-0.07252,-0.042466666666666666,0.686
1789399996,82104218,map,0.5907914285714286,0.10768285714285714,0.739
1789399996,182035644,map,-0.07252,-0.042466666666666666,0.686
1789399996,281816107,map,-0.07252,-0.04116,0.686
1789399996,381876909,map,-0.07252,-0.04116,0.686
1789399996,481902822,map,-0.07230857142857143,-0.04234285714285714,0.684
1789399996,581848031,map,0.5897466666666666,0.10670666666666667,0.742
1789399996,681890809,map,0.5880952380952381,0.10500952380952382,0.74
1789399996,781745302,map,0.5883333333333334,0.10529333333333332,0.742
1789399996,881768246,map,-0.07361142857142858,-0.04104000000000001,0.684
1789399996,981857378,map,-0.07382666666666667,-0.04116,0.686
1789399997,82272558,map,-0.07339619047619048,-0.04221904761904762,0.682
1789399997,181712809,map,-0.07621714285714286,-0.04364571428571429,0.684
1789399997,281851846,map,0.5849304761904762,0.10458380952380952,0.737
1789399997,381902463,map,0.5835266666666666,0.10598761904761904,0.737
1789399997,481838334,map,0.5865685714285714,0.10486761904761906,0.739
1789399997,581948756,map,0.5865685714285714,0.10627523809523809,0.739
1789399997,681893363,map,-0.07621714285714286,-0.04104000000000001,0.684
1789399997,781858176,map,0.5865685714285714,0.10627523809523809,0.739
1789399997,882224498,map,0.5851609523809523,0.10627523809523809,0.739
1789399997,982324044,map,0.5851609523809523,0.10486761904761906,0.739
1789399998,81842129,map,0.5865685714285714,0.10627523809523809,0.739
1789399998,181825504,map,0.5865685714285714,0.10627523809523809,0.739
1789399998,281710537,map,0.5865685714285714,0.10627523809523809,0.739
1789399998,381714136,map,-0.0743647619047619,-0.042776190476190475,0.691
1789399998,481825660,map,-0.0759,-0.042899999999999994,0.693
1789399998,581880080,map,0.58692,0.10670666666666667,0.742
1789399998,681850905,map,0.58692,0.10670666666666667,0.742
1789399998,781982092,map,0.5886904761904762,0.10713809523809524,0.745
1789399998,881864797,map,0.588452380952381,0.10826571428571428,0.743
1789399998,981739961,map,0.58692,0.10670666666666667,0.742
1789399999,81896634,map,-0.07425714285714285,-0.04271428571428571,0.69
1789399999,181834017,map,-0.07546190476190476,-0.04265238095238095,0.689
1789399999,282126254,map,0.5858523809523809,0.10713809523809524,0.745
1789399999,382371715,map,0.5827914285714286,0.1054352380952381,0.743
1789399999,481878265,map,0.5710847619047619,0.09642190476190475,0.739
1789399999,581800240,map,0.5580428571428572,0.08945428571428571,0.717
1789399999,682083175,map,0.54122,0.0726257142857143,0.687
1789399999,781744704,map,-0.1590952380952381,-0.065,0.65
1789399999,881924529,map,-0.1590952380952381,-0.065,0.65
1789399999,982015828,map,0.5354485714285714,0.044155238095238095,0.653
1789400000,81825835,map,0.5325066666666667,0.030053333333333335,0.644
1789400000,181812923,map,0.5287371428571429,0.027514285714285713,0.642
1789400000,281913452,map,0.5166628571428571,0.025302857142857144,0.648
1789400000,382224421,map,-0.2015,-0.0713,0.651
1789400000,481808838,map,-0.2013704761904762,-0.05907714285714286,0.667
1789400000,581777649,map,-0.2013704761904762,-0.05907714285714286,0.667
1789400000,682276412,map,-0.19734,-0.042899999999999994,0.693
1789400000,781930337,map,-0.19486857142857142,-0.03843428571428571,0.708
1789400000,881811655,map,-0.18772,-0.047445714285714286,0.722
1789400000,981814531,map,-0.1835942857142857,-0.05019619047619047,0.722
1789400001,81782816,map,0.4814342857142857,0.07770095238095238,0.722
1789400001,181739981,map,0.4828571428571429,0.08159999999999999,0.72
1789400001,281717356,map,0.4828571428571429,0.08159999999999999,0.72
1789400001,381838964,map,-0.17872285714285713,-0.04314,0.719
1789400001,481819646,map,-0.17872285714285713,-0.04040095238095238,0.719
1789400001,581850586,map,-0.1782257142857143,-0.041654285714285706,0.717
1789400001,681820075,map,-0.17797714285714286,-0.041596190476190474,0.716
1789400001,781706847,map,-0.1782257142857143,-0.040288571428571424,0.717
1789400001,881658505,map,0.4856,0.08434285714285715,0.72
1789400001,981710653,map,0.48556,0.08457714285714285,0.722
1789400002,81789673,map,-0.17897142857142856,-0.04182857142857143,0.72
1789400002,181875024,map,-0.18034285714285714,-0.0432,0.72
1789400002,282145519,map,-0.18009238095238092,-0.04177047619047619,0.719
1789400002,381739531,map,-0.18009238095238092,-0.04177047619047619,0.719
1789400002,481843008,map,0.4856,0.08434285714285715,0.72
1789400002,582070264,map,0.48697142857142856,0.08434285714285715,0.72
1789400002,681814333,map,0.48566,0.08535714285714285,0.717
1789400002,781838749,map,-0.17115809523809522,-0.04023238095238095,0.716
1789400002,881873792,map,-0.1677247619047619,-0.03870571428571428,0.713
1789400002,981686831,map,-0.1677247619047619,-0.03870571428571428,0.713
1789400003,81714383,map,0.4952,0.08571428571428572,0.72
1789400003,181960863,map,0.49518,0.08607142857142858,0.723
1789400003,281924869,map,0.49518666666666666,0.08595238095238095,0.722
1789400003,381782959,map,0.49518666666666666,0.08595238095238095,0.722
1789400003,481866945,map,0.49380285714285715,0.08607142857142858,0.723
1789400003,581760739,map,0.49382857142857145,0.08571428571428572,0.72
1789400003,681759484,map,-0.16706666666666664,-0.0375047619047619,0.716
1789400003,781788771,map,0.4952,0.08571428571428572,0.72
1789400003,882083359,map,0.4952,0.08708571428571428,0.72
1789400003,981894161,map,0.49518666666666666,0.08595238095238095,0.722
1789400004,81863762,map,0.4952,0.08708571428571428,0.72
1789400004,182074750,map,0.4965761904761905,0.0869647619047619,0.719
1789400004,282211396,map,0.49657142857142855,0.08708571428571428,0.72
1789400004,381799140,map,-0.16659999999999997,-0.037399999999999996,0.714
1789400004,482017083,map,0.4952,0.08708571428571428,0.72
1789400004,582189605,map,0.4952,0.08708571428571428,0.72
1789400004,682112772,map,0.49656190476190476,0.08732761904761906,0.722
1789400004,782152449,map,0.49518666666666666,0.08732761904761906,0.722
1789400004,881803088,map,0.4952,0.08845714285714286,0.72
1789400004,981942209,map,0.49657142857142855,0.08845714285714286,0.72
1789400005,81713508,map,0.4952066666666667,0.0883342857142857,0.719
1789400005,181752765,map,-0.16659999999999997,-0.036039999999999996,0.714
1789400005,281842563,map,0.4952,0.08845714285714286,0.72
1789400005,381893261,map,0.4952,0.08708571428571428,0.72
1789400005,481818984,map,0.4952,0.08845714285714286,0.72
1789400005,581871579,map,0.4965761904761905,0.0883342857142857,0.719
1789400005,681835677,map,0.49657142857142855,0.08708571428571428,0.72
1789400005,781795561,map,0.4952066666666667,0.0869647619047619,0.719
1789400005,881840484,map,-0.16706666666666664,-0.0375047619047619,0.716
1789400005,981806858,map,0.4952066666666667,0.0883342857142857,0.719
1789400006,81787194,map,0.4952066666666667,0.0883342857142857,0.719
1789400006,181802129,map,0.4952,0.08708571428571428,0.72
1789400006,281776171,map,0.49657142857142855,0.08708571428571428,0.72
1789400006,381882660,map,0.49657142857142855,0.08708571428571428,0.72
1789400006,481767001,map,0.4965761904761905,0.0869647619047619,0.719
1789400006,581755195,map,0.49657142857142855,0.08708571428571428,0.72
1789400006,681782043,map,-0.1697942857142857,-0.038868571428571426,0.716
1789400006,781968216,map,0.4952066666666667,0.0855952380952381,0.719
1789400006,881802921,map,0.49386285714285716,0.0838742857142857,0.716
1789400006,981802912,map,0.49522666666666665,0.08660190476190477,0.716
1789400007,81838053,map,0.49382857142857145,0.08708571428571428,0.72
1789400007,181862463,map,0.49518666666666666,0.08732761904761906,0.722
1789400007,281809858,map,0.49518666666666666,0.08870285714285714,0.722
1789400007,381767870,map,-0.16500857142857142,-0.03598952380952381,0.713
1789400007,481845920,map,0.49518666666666666,0.08870285714285714,0.722
1789400007,581840107,map,0.49381142857142857,0.08870285714285714,0.722
1789400007,681817896,map,0.49381142857142857,0.08732761904761906,0.722
1789400007,781884028,map,0.49381142857142857,0.08732761904761906,0.722
1789400007,881772958,map,0.49382857142857145,0.08845714285714286,0.72
1789400007,981797057,map,0.4952066666666667,0.0883342857142857,0.719
1789400008,81786730,map,-0.16706666666666664,-0.036140952380952385,0.716
1789400008,182098523,map,-0.16706666666666664,-0.038868571428571426,0.716
1789400008,281958878,map,0.49656190476190476,0.08595238095238095,0.722
1789400008,381811054,map,0.49657142857142855,0.08708571428571428,0.72
1789400008,481872634,map,0.4952066666666667,0.0855952380952381,0.719
1789400008,581847930,map,0.49246761904761904,0.0855952380952381,0.719
1789400008,681834001,map,0.49245714285714287,0.08571428571428572,0.72
1789400008,781849950,map,-0.1704409523809524,-0.04142190476190476,0.713
1789400008,881779052,map,-0.1732447619047619,-0.04177047619047619,0.719
1789400008,981812731,map,0.4910980952380952,0.08422571428571428,0.719
1789400009,81838057,map,0.4896857142857143,0.08320190476190475,0.722
1789400009,181964013,map,0.4869895238095238,0.0855952380952381,0.719
1789400009,281900007,map,-0.17872285714285713,-0.04314,0.719
1789400009,381840967,map,0.48697142857142856,0.08434285714285715,0.72
1789400009,482298171,map,-0.17748,-0.042839999999999996,0.714
1789400009,582004896,map,-0.17897142857142856,-0.04182857142857143,0.72
1789400009,681812157,map,-0.17735333333333334,-0.04314,0.719
1789400009,781807780,map,-0.17748,-0.042839999999999996,0.714
1789400009,882122198,map,-0.17872285714285713,-0.04450952380952381,0.719
1789400009,981823892,map,0.4883104761904762,0.08320190476190475,0.722
1789400010,82352365,map,0.4869352380952381,0.08320190476190475,0.722
1789400010,181777010,map,-0.17388571428571428,-0.04296,0.716
1789400010,281952286,map,-0.1752495238095238,-0.041596190476190474,0.716
1789400010,381851269,map,-0.1754942857142857,-0.041654285714285706,0.717
1789400010,481854875,map,-0.17461428571428572,-0.04177047619047619,0.719
1789400010,581843764,map,-0.17461428571428572,-0.04177047619047619,0.719
1789400010,681786044,map,-0.17485714285714285,-0.04182857142857143,0.72
1789400010,781779639,map,0.48829428571428574,0.08331714285714287,0.723
1789400010,881830963,map,-0.17461428571428572,-0.04177047619047619,0.719
1789400010,981919064,map,-0.17485714285714285,-0.04182857142857143,0.72
1789400011,82078342,map,-0.17558571428571426,-0.04200285714285715,0.723
1789400011,181933734,map,-0.17534285714285713,-0.04194476190476191,0.722
1789400011,282002512,map,-0.17485714285714285,-0.0432,0.72
1789400011,382165996,map,0.4883104761904762,0.08320190476190475,0.722
1789400011,482041082,map,0.4896714285714286,0.08331714285714287,0.723
1789400011,581795097,map,-0.17534285714285713,-0.04194476190476191,0.722
1789400011,682159299,map,-0.17558571428571426,-0.04200285714285715,0.723
1789400011,781837616,map,-0.17348571428571427,-0.04182857142857143,0.72
1789400011,881873631,map,0.4896714285714286,0.08331714285714287,0.723
1789400011,981798548,map,0.4896714285714286,0.08331714285714287,0.723
1789400012,81665633,map,0.4910857142857143,0.08297142857142856,0.72
1789400012,181736699,map,-0.1732447619047619,-0.04177047619047619,0.719
1789400012,282238900,map,-0.17252190476190477,-0.04023238095238095,0.716
1789400012,381692924,map,-0.17115809523809522,-0.04023238095238095,0.716
1789400012,481767977,map,0.4896714285714286,0.08331714285714287,0.723
1789400012,581900399,map,0.49104857142857145,0.08331714285714287,0.723
1789400012,681920095,map,0.49104857142857145,0.08469428571428572,0.723
1789400012,781746108,map,0.49243619047619047,0.08595238095238095,0.722
1789400012,881556540,map,0.49243619047619047,0.08595238095238095,0.722
1789400012,981809145,map,0.49380285714285715,0.08607142857142858,0.723
1789400013,81812969,map,0.49243619047619047,0.08595238095238095,0.722
1789400013,182100971,map,0.4924047619047619,0.08492857142857142,0.725
1789400013,282145022,map,0.4896714285714286,0.08469428571428572,0.723
1789400013,381815428,map,0.4896857142857143,0.08457714285714285,0.722
1789400013,482127921,map,0.4896857142857143,0.08457714285714285,0.722
1789400013,581959833,map,0.48964285714285716,0.08354761904761904,0.725
1789400013,681889697,map,0.4883104761904762,0.08320190476190475,0.722
1789400013,781834442,map,0.4869895238095238,0.08422571428571428,0.719
1789400013,881819255,map,-0.1782257142857143,-0.041654285714285706,0.717
1789400013,981784922,map,-0.1807047619047619,-0.04023238095238095,0.716
1789400014,81681683,map,-0.1820685714285714,-0.04023238095238095,0.716
1789400014,181796776,map,-0.1820685714285714,-0.04023238095238095,0.716
1789400014,282063028,map,-0.17538,-0.03859714285714286,0.711
1789400014,381832348,map,-0.17267142857142856,-0.03859714285714286,0.711
1789400014,481798466,map,-0.17115809523809522,-0.04023238095238095,0.716
1789400014,581765656,map,-0.16500857142857142,-0.03870571428571428,0.713
1789400014,681695004,map,0.4965428571428571,0.0850457142857143,0.726
1789400014,781676601,map,0.4937857142857143,0.08492857142857142,0.725
1789400014,881863747,map,-0.16525714285714285,-0.04045714285714285,0.72
1789400014,981793471,map,-0.168,-0.04182857142857143,0.72
1789400015,81810135,map,-0.1666285714285714,-0.04182857142857143,0.72
1789400015,181776790,map,-0.1666285714285714,-0.04182857142857143,0.72
1789400015,281793088,map,-0.1629752380952381,-0.04023238095238095,0.716
1789400015,381690238,map,0.49514,0.08539714285714285,0.729
1789400015,481910147,map,0.49651904761904764,0.08702380952380952,0.731
1789400015,581644821,map,0.49651904761904764,0.08702380952380952,0.731
1789400015,681787688,map,0.49651904761904764,0.08702380952380952,0.731
1789400015,781828625,map,0.49651904761904764,0.08702380952380952,0.731
1789400015,882154449,map,0.49651904761904764,0.08702380952380952,0.731
1789400015,982157813,map,-0.1602152380952381,-0.03919428571428571,0.722
1789400016,81916547,map,0.49791142857142856,0.08702380952380952,0.731
1789400016,181735906,map,0.49652857142857143,0.08817428571428572,0.729
1789400016,281755089,map,-0.16043714285714286,-0.039248571428571424,0.723
1789400016,381800910,map,-0.1602152380952381,-0.040569523809523805,0.722
1789400016,481835598,map,0.49651904761904764,0.08702380952380952,0.731
1789400016,581843143,map,0.49652857142857143,0.08956285714285714,0.729
1789400016,681797011,map,0.49791714285714284,0.08956285714285714,0.729
1789400016,781833040,map,0.49651904761904764,0.08841619047619048,0.731
1789400016,881790184,map,-0.1636580952380952,-0.03903142857142857,0.719
1789400016,981806132,map,-0.168,-0.039085714285714286,0.72
1789400017,81871826,map,0.49377714285714286,0.0850457142857143,0.726
1789400017,181808799,map,0.49102380952380953,0.08492857142857142,0.725
1789400017,282165163,map,0.4910114285714286,0.08227999999999999,0.726
1789400017,381773980,map,0.4882619047619048,0.08216666666666665,0.725
1789400017,482042466,map,0.48829428571428574,0.08331714285714287,0.723
1789400017,582059648,map,0.48829428571428574,0.08331714285714287,0.723
1789400017,681868119,map,-0.17897142857142856,-0.04457142857142857,0.72
1789400017,781838916,map,-0.17897142857142856,-0.04457142857142857,0.72
1789400017,881862065,map,-0.17971714285714285,-0.044757142857142856,0.723
1789400017,981787113,map,0.4841847619047619,0.08045142857142858,0.722
1789400018,81886593,map,0.4828571428571429,0.08159999999999999,0.72
1789400018,181718503,map,0.48422857142857145,0.08022857142857143,0.72
1789400018,281650234,map,-0.1782257142857143,-0.044385714285714285,0.717
1789400018,381761912,map,-0.1782257142857143,-0.04302,0.717
1789400018,481841301,map,0.48422857142857145,0.08297142857142856,0.72
1789400018,581830053,map,0.48697142857142856,0.08297142857142856,0.72
1789400018,681845713,map,0.48829428571428574,0.08331714285714287,0.723
1789400018,782145398,map,0.4896714285714286,0.08469428571428572,0.723
1789400018,881815930,map,-0.17204,-0.040119999999999996,0.714
1789400018,981811717,map,-0.17204,-0.040119999999999996,0.714
1789400019,81888991,map,0.49112285714285714,0.08399142857142858,0.717
1789400019,181859000,map,-0.17315714285714284,-0.04413809523809524,0.713
1789400019,281833070,map,-0.1759885714285714,-0.04248,0.708
1789400019,381818222,map,0.48984285714285714,0.08193428571428571,0.711
1789400019,481841647,map,0.49119714285714283,0.08193428571428571,0.711
1789400019,581844231,map,0.4966,0.08364,0.714
1789400019,681874533,map,0.4993180952380952,0.0838742857142857,0.716
1789400019,781756219,map,0.4993180952380952,0.0838742857142857,0.716
1789400019,882155528,map,0.5006847619047619,0.0855952380952381,0.719
1789400019,981853608,map,-0.16694857142857142,-0.03821714285714286,0.704
1789400020,81808371,map,-0.16718571428571427,-0.04095714285714285,0.705
1789400020,181728011,map,-0.17329142857142857,-0.04248,0.708
1789400020,281737809,map,0.49252,0.07955999999999999,0.714
1789400020,381787816,map,0.49252,0.07684,0.714
1789400020,481675779,map,-0.17439333333333334,-0.046459999999999994,0.707
1789400020,581864959,map,-0.17464,-0.043828571428571425,0.708
1789400020,681799970,map,-0.17439333333333334,-0.04376666666666666,0.707
1789400020,781733213,map,-0.1739,-0.043642857142857136,0.705
1789400020,882182355,map,0.49388857142857145,0.07944857142857142,0.713
1789400020,982142075,map,0.49526,0.08058,0.711
1789400021,81746231,map,0.49526,0.08058,0.711
1789400021,181787102,map,-0.17231238095238094,-0.04224,0.704
1789400021,281858332,map,-0.17024285714285714,-0.0407247619047619,0.701
1789400021,381779122,map,-0.17097142857142855,-0.04089904761904761,0.704
1789400021,481860346,map,0.4966047619047619,0.08216476190476191,0.713
1789400021,581808751,map,0.4952666666666667,0.08046666666666666,0.71
1789400021,682053671,map,0.49528,0.08023999999999999,0.708
1789400021,781653393,map,0.49528,0.08023999999999999,0.708
1789400021,882222847,map,0.49528,0.08023999999999999,0.708
1789400021,981850396,map,0.4939057142857143,0.07922571428571429,0.711
1789400022,81810587,map,-0.17255714285714285,-0.043642857142857136,0.705
1789400022,181838391,map,0.49797714285714284,0.08293714285714285,0.708
1789400022,281831125,map,0.49796285714285715,0.08488095238095238,0.713
1789400022,381862421,map,0.5006790476190476,0.08216476190476191,0.713
1789400022,482138466,map,-0.16718571428571427,-0.043642857142857136,0.705
1789400022,582065501,map,0.49932,0.08227999999999999,0.714
1789400022,681857163,map,0.49794571428571427,0.08285619047619047,0.719
1789400022,782196274,map,-0.16490190476190475,-0.039389523809523805,0.701
1789400022,881867961,map,0.49931714285714285,0.08399142857142858,0.717
1789400022,981825080,map,0.49795142857142854,0.08399142857142858,0.717
1789400023,81746528,map,0.4993180952380952,0.08660190476190477,0.716
1789400023,181632512,map,-0.1663133333333333,-0.03838,0.707
1789400023,281806101,map,-0.16496666666666668,-0.03838,0.707
1789400023,381860366,map,-0.16837142857142856,-0.04124761904761904,0.71
1789400023,481851054,map,0.49932095238095237,0.08216476190476191,0.713
1789400023,581805772,map,0.4952666666666667,0.08452380952380953,0.71
1789400023,681879805,map,0.49388857142857145,0.08080666666666667,0.713
1789400023,781775864,map,-0.17329142857142857,-0.04517714285714286,0.708
1789400023,881820821,map,0.49388,0.07955999999999999,0.714
1789400023,982012111,map,0.4924990476190476,0.07841904761904762,0.716
1789400024,81790918,map,0.4898,0.07955999999999999,0.714
1789400024,181865978,map,-0.17944285714285713,-0.04130571428571428,0.711
1789400024,281909324,map,-0.1807047619047619,-0.04023238095238095,0.716
1789400024,381873352,map,-0.18009238095238092,-0.04177047619047619,0.719
1789400024,481717389,map,0.48568,0.0838742857142857,0.716
1789400024,581776119,map,-0.17934095238095238,-0.041596190476190474,0.716
1789400024,681816902,map,-0.17944285714285713,-0.03859714285714286,0.711
1789400024,781825623,map,-0.18079714285714285,-0.03859714285714286,0.711
1789400024,881799626,map,-0.18292,-0.040119999999999996,0.714
1789400024,981923428,map,-0.18292,-0.03876,0.714
1789400025,81864113,map,-0.18266380952380953,-0.03870571428571428,0.713
1789400025,181838023,map,0.4830238095238095,0.08352285714285713,0.713
1789400025,282353344,map,-0.18402190476190475,-0.03870571428571428,0.713
1789400025,381822637,map,-0.18402190476190475,-0.03870571428571428,0.713
1789400025,481822687,map,-0.18381999999999998,-0.037033333333333335,0.707
1789400025,581776368,map,-0.18247333333333332,-0.037033333333333335,0.707
1789400025,681831455,map,0.48314285714285715,0.08293714285714285,0.708
1789400025,781793552,map,0.4830714285714286,0.08328857142857142,0.711
1789400025,882031350,map,0.48314285714285715,0.08293714285714285,0.708
1789400025,982065362,map,0.48314285714285715,0.08293714285714285,0.708
1789400026,81841362,map,-0.18479619047619048,-0.038868571428571426,0.716
1789400026,181830041,map,-0.18247333333333332,-0.037033333333333335,0.707
1789400026,281887111,map,0.4830714285714286,0.08464285714285714,0.711
1789400026,381864087,map,0.4830952380952381,0.08452380952380953,0.71
1789400026,481842320,map,0.4830952380952381,0.08452380952380953,0.71
1789400026,581850177,map,0.4830952380952381,0.08317142857142858,0.71
1789400026,682063515,map,-0.18402190476190475,-0.03870571428571428,0.713
1789400026,781794942,map,-0.18402190476190475,-0.03870571428571428,0.713
1789400026,881843471,map,0.4830714285714286,0.08328857142857142,0.711
1789400026,981817315,map,0.4830714285714286,0.08328857142857142,0.711
1789400027,81822131,map,0.4830238095238095,0.08352285714285713,0.713
1789400027,181794031,map,0.4830714285714286,0.08328857142857142,0.711
1789400027,281755785,map,0.48174285714285714,0.08317142857142858,0.71
1789400027,381666468,map,-0.18542857142857141,-0.03843428571428571,0.708
1789400027,481826883,map,-0.18408,-0.03843428571428571,0.708
1789400027,581798528,map,0.48174285714285714,0.08317142857142858,0.71
1789400027,681851981,map,0.4830238095238095,0.08352285714285713,0.713
1789400027,781902164,map,-0.18538,-0.03870571428571428,0.713
1789400027,881779991,map,0.4830714285714286,0.08328857142857142,0.711
1789400027,981771760,map,0.4830714285714286,0.08328857142857142,0.711
1789400028,81873488,map,-0.18329999999999996,-0.03827142857142857,0.705
1789400028,181957094,map,0.4830952380952381,0.08317142857142858,0.71
1789400028,282040270,map,-0.18428,-0.03876,0.714
1789400028,381821554,map,0.4830952380952381,0.08317142857142858,0.71
1789400028,481873369,map,-0.18381999999999998,-0.037033333333333335,0.707
1789400028,581810581,map,-0.18381999999999998,-0.037033333333333335,0.707
1789400028,681818282,map,-0.18303999999999998,-0.03687619047619047,0.704
1789400028,781807493,map,-0.18381999999999998,-0.03838,0.707
1789400028,881804253,map,-0.18329999999999996,-0.03692857142857143,0.705
1789400028,981859200,map,0.4844257142857143,0.08328857142857142,0.711
1789400029,81984488,map,0.4830952380952381,0.08317142857142858,0.71
1789400029,181953304,map,-0.18329999999999996,-0.03692857142857143,0.705
1789400029,281773363,map,-0.18329999999999996,-0.03692857142857143,0.705
1789400029,382057033,map,-0.18438095238095237,-0.03687619047619047,0.704
1789400029,482112909,map,-0.18464285714285714,-0.03692857142857143,0.705
1789400029,581838473,map,-0.18464285714285714,-0.03692857142857143,0.705
1789400029,681866039,map,-0.18464285714285714,-0.034242857142857144,0.705
1789400029,781745060,map,0.48460095238095235,0.08770761904761903,0.703
1789400029,881804615,map,0.48460095238095235,0.08770761904761903,0.703
1789400029,981841984,map,-0.1841190476190476,-0.032806666666666665,0.703
1789400030,81847262,map,-0.18545809523809523,-0.032806666666666665,0.703
1789400030,181804805,map,-0.18572190476190475,-0.03285333333333333,0.704
1789400030,281820174,map,-0.18598571428571428,-0.03289999999999999,0.705
1789400030,381887551,map,0.4832619047619048,0.08770761904761903,0.703
1789400030,481961050,map,0.4832619047619048,0.08770761904761903,0.703
1789400030,581836510,map,0.48192285714285715,0.08770761904761903,0.703
1789400030,682048967,map,-0.18626571428571426,-0.03271333333333333,0.701
1789400030,782218213,map,-0.18626571428571426,-0.03271333333333333,0.701
1789400030,882035071,map,0.4833095238095238,0.08745809523809522,0.701
1789400030,982067107,map,0.48460095238095235,0.08770761904761903,0.703
1789400031,81909342,map,0.4832619047619048,0.08770761904761903,0.703
1789400031,181791764,map,-0.18760095238095237,-0.03404857142857143,0.701
1789400031,281770224,map,-0.18760095238095237,-0.03271333333333333,0.701
1789400031,381854911,map,-0.18760095238095237,-0.03271333333333333,0.701
1789400031,481818455,map,-0.18546857142857143,-0.03257333333333333,0.698
1789400031,582011495,map,-0.18599999999999997,-0.03266666666666666,0.7
1789400031,681857669,map,-0.18626571428571426,-0.03271333333333333,0.701
1789400031,782179014,map,0.4832619047619048,0.08636857142857142,0.703
1789400031,881816908,map,0.4832619047619048,0.08770761904761903,0.703
1789400031,981902832,map,-0.18626571428571426,-0.03271333333333333,0.701
1789400032,81754413,map,0.4832619047619048,0.08636857142857142,0.703
1789400032,181758631,map,-0.19104857142857143,-0.03355333333333334,0.719
1789400032,281839903,map,-0.18760095238095237,-0.03271333333333333,0.701
1789400032,381842132,map,-0.1867980952380952,-0.03257333333333333,0.698
1789400032,481840147,map,-0.1867980952380952,-0.03257333333333333,0.698
1789400032,581823601,map,0.48192285714285715,0.08770761904761903,0.703
1789400032,681818242,map,0.4819742857142857,0.08745809523809522,0.701
1789400032,781682040,map,0.4819742857142857,0.08745809523809522,0.701
1789400032,881692295,map,-0.18733333333333332,-0.03266666666666666,0.7
1789400032,981728286,map,-0.18733333333333332,-0.03266666666666666,0.7
1789400033,81746557,map,-0.18733333333333332,-0.03266666666666666,0.7
1789400033,181824617,map,0.4819742857142857,0.08745809523809522,0.701
1789400033,281809032,map,0.4819742857142857,0.08745809523809522,0.701
1789400033,381821386,map,0.482,0.08733333333333332,0.7
1789400033,481782247,map,0.4819742857142857,0.08612285714285713,0.701
1789400033,581852466,map,-0.18516666666666665,-0.037033333333333335,0.707
1789400033,681886915,map,0.48451333333333335,0.08282,0.707
1789400033,781892993,map,0.48578,0.08193428571428571,0.711
1789400033,881795811,map,0.48975714285714284,0.08262571428571427,0.717
1789400033,981780675,map,0.49383714285714286,0.08422571428571428,0.719
1789400034,82259621,map,-0.16659999999999997,-0.03876,0.714
1789400034,182035548,map,-0.16252,-0.03876,0.714
1789400034,281749383,map,0.4965333333333333,0.08805333333333333,0.728
1789400034,382097924,map,-0.16091904761904763,-0.03903142857142857,0.719
1789400034,482154573,map,0.49652857142857143,0.08817428571428572,0.729
1789400034,582251439,map,0.4965333333333333,0.08805333333333333,0.728
1789400034,681801767,map,-0.16091904761904763,-0.037661904761904764,0.719
1789400034,781771738,map,0.49791714285714284,0.08817428571428572,0.729
1789400034,881729846,map,-0.16091904761904763,-0.03903142857142857,0.719
1789400034,981780205,map,0.49791714285714284,0.08817428571428572,0.729
1789400035,81832897,map,0.49791714285714284,0.08817428571428572,0.729
1789400035,181810936,map,0.4965333333333333,0.08805333333333333,0.728
1789400035,281759663,map,0.4965333333333333,0.08805333333333333,0.728
1789400035,381814738,map,-0.16388571428571427,-0.037714285714285714,0.72
1789400035,481800204,map,0.4965333333333333,0.08943999999999999,0.728
1789400035,581855762,map,0.4965428571428571,0.09057714285714286,0.726
1789400035,681857318,map,0.4965428571428571,0.09057714285714286,0.726
1789400035,781690060,map,0.49654761904761907,0.09045238095238095,0.725
1789400035,881796123,map,-0.16846666666666665,-0.03781904761904762,0.722
1789400035,981722577,map,-0.1732447619047619,-0.04177047619047619,0.719
1789400036,82112140,map,0.48834285714285713,0.08434285714285715,0.72
1789400036,181814138,map,0.4869352380952381,0.08457714285714285,0.722
1789400036,281872030,map,0.4828571428571429,0.08297142857142856,0.72
1789400036,381814315,map,-0.18557047619047617,-0.04450952380952381,0.719
1789400036,481735366,map,-0.18557047619047617,-0.04450952380952381,0.719
1789400036,581769732,map,-0.18641999999999997,-0.044385714285714285,0.717
1789400036,681813331,map,-0.1872,-0.04457142857142857,0.72
1789400036,781884230,map,-0.18557047619047617,-0.04450952380952381,0.719
1789400036,881858028,map,0.47740285714285713,0.08011714285714285,0.719
1789400036,982140553,map,0.48014190476190477,0.07874761904761905,0.719
1789400037,81766610,map,0.4815114285714286,0.08148666666666667,0.719
1789400037,181874946,map,-0.17897142857142856,-0.04457142857142857,0.72
1789400037,281927479,map,-0.17622857142857143,-0.0432,0.72
1789400037,381695613,map,-0.17558571428571426,-0.04338,0.723
1789400037,481931907,map,0.48688095238095236,0.08354761904761904,0.725
1789400037,581867404,map,0.4882457142857143,0.08089714285714285,0.726
1789400037,681805123,map,0.4882457142857143,0.08366285714285715,0.726
1789400037,781907418,map,0.4882457142857143,0.08366285714285715,0.726
1789400037,881827480,map,-0.17074285714285714,-0.0432,0.72
1789400037,981800414,map,0.49094952380952384,0.08145428571428572,0.731
1789400038,81835130,map,0.4909866666666667,0.08250666666666666,0.728
1789400038,181780111,map,0.4896285714285714,0.08366285714285715,0.726
1789400038,281783182,map,0.4909866666666667,0.08389333333333333,0.728
1789400038,381752503,map,0.4909866666666667,0.08389333333333333,0.728
1789400038,482160592,map,0.49102380952380953,0.08492857142857142,0.725
1789400038,581894874,map,-0.16776666666666668,-0.03903142857142857,0.719
1789400038,681814187,map,0.49377714285714286,0.08366285714285715,0.726
1789400038,781769474,map,0.4937857142857143,0.08492857142857142,0.725
1789400038,881803784,map,-0.1666285714285714,-0.039085714285714286,0.72
1789400038,981792758,map,-0.1666285714285714,-0.039085714285714286,0.72
1789400039,81749059,map,-0.1666285714285714,-0.039085714285714286,0.72
1789400039,181657599,map,0.49377714285714286,0.08366285714285715,0.726
1789400039,281808437,map,-0.1666285714285714,-0.039085714285714286,0.72
1789400039,381845108,map,-0.16639714285714285,-0.03903142857142857,0.719
1789400039,481998131,map,-0.1666285714285714,-0.04045714285714285,0.72
1789400039,581822111,map,-0.1666285714285714,-0.037714285714285714,0.72
1789400039,682000223,map,-0.1666285714285714,-0.03634285714285714,0.72
1789400039,782071432,map,0.49516666666666664,0.08630952380952381,0.725
1789400039,882409894,map,-0.16846666666666665,-0.03919428571428571,0.722
1789400039,982283416,map,-0.17074285714285714,-0.039085714285714286,0.72
1789400040,81883776,map,-0.17276285714285713,-0.03892285714285714,0.717
1789400040,181771003,map,-0.17485714285714285,-0.039085714285714286,0.72
1789400040,281926662,map,0.4910609523809524,0.08457714285714285,0.722
1789400040,382484492,map,0.4883104761904762,0.08457714285714285,0.722
1789400040,482061737,map,-0.1754942857142857,-0.03892285714285714,0.717
1789400040,582568588,map,-0.1782257142857143,-0.03892285714285714,0.717
1789400040,681903108,map,-0.17723142857142857,-0.03870571428571428,0.713
1789400040,781882070,map,-0.17748,-0.03876,0.714
1789400040,882361746,map,0.48840761904761903,0.08523809523809524,0.716
1789400040,982080277,map,0.4884561904761905,0.08759714285714285,0.713
1789400041,81845721,map,0.4870980952380952,0.08895523809523809,0.713
1789400041,182254508,map,-0.17959142857142857,-0.03755714285714285,0.717
1789400041,282003956,map,0.48708,0.08771999999999999,0.714
1789400041,382018443,map,0.48840761904761903,0.0838742857142857,0.716
1789400041,481911318,map,0.49252,0.08227999999999999,0.714
1789400041,581804750,map,0.49388,0.08635999999999999,0.714
1789400041,681884992,map,0.4938542857142857,0.08535714285714285,0.717
1789400041,781823086,map,0.49252,0.085,0.714
1789400041,881749960,map,-0.17843333333333333,-0.035686666666666665,0.707
1789400041,981741180,map,0.48715238095238095,0.08587619047619048,0.71
1789400042,81999416,map,-0.18542857142857141,-0.035737142857142856,0.708
1789400042,181877573,map,-0.19025142857142854,-0.036140952380952385,0.716
1789400042,282027828,map,0.4805285714285714,0.08392857142857142,0.705
1789400042,381818914,map,0.4805285714285714,0.08258571428571428,0.705
1789400042,482044221,map,-0.18920666666666666,-0.037033333333333335,0.707
1789400042,581676574,map,-0.18786,-0.037033333333333335,0.707
1789400042,681690042,map,-0.18786,-0.037033333333333335,0.707
1789400042,782116028,map,-0.18732857142857143,-0.03692857142857143,0.705
1789400042,881876575,map,0.4805285714285714,0.08258571428571428,0.705
1789400042,981907463,map,0.4805285714285714,0.08124285714285713,0.705
1789400043,81995976,map,0.4805285714285714,0.08258571428571428,0.705
1789400043,181903595,map,0.4805285714285714,0.08258571428571428,0.705
1789400043,281768723,map,-0.18786,-0.037033333333333335,0.707
1789400043,381872515,map,0.4804733333333333,0.08012666666666667,0.707
1789400043,482084463,map,0.48187142857142856,0.08124285714285713,0.705
1789400043,581799254,map,0.48187142857142856,0.0799,0.705
1789400043,681799214,map,0.48182,0.08147333333333333,0.707
1789400043,781769554,map,0.48314285714285715,0.08293714285714285,0.708
1789400043,881818836,map,0.4844914285714286,0.08158857142857143,0.708
1789400043,981749565,map,-0.18381999999999998,-0.03838,0.707
1789400044,81932476,map,0.4844914285714286,0.08158857142857143,0.708
1789400044,181787224,map,0.48444761904761907,0.08181904761904761,0.71
1789400044,281849522,map,0.48451333333333335,0.08282,0.707
1789400044,381798629,map,0.48451333333333335,0.08416666666666667,0.707
1789400044,481827387,map,0.4844914285714286,0.08293714285714285,0.708
1789400044,581764777,map,-0.18329999999999996,-0.03692857142857143,0.705
1789400044,681709331,map,-0.18329999999999996,-0.03692857142857143,0.705
1789400044,781950517,map,0.4844914285714286,0.08293714285714285,0.708
1789400044,881857995,map,0.48444761904761907,0.08317142857142858,0.71
1789400044,981824654,map,0.48444761904761907,0.08317142857142858,0.71
1789400045,81828933,map,0.48444761904761907,0.08317142857142858,0.71
1789400045,181756615,map,0.4844257142857143,0.08193428571428571,0.711
1789400045,281735580,map,0.4844257142857143,0.08193428571428571,0.711
1789400045,381977947,map,-0.18381999999999998,-0.03838,0.707
1789400045,481799971,map,-0.18144095238095237,-0.03950190476190476,0.703
1789400045,581799335,map,-0.18144095238095237,-0.03682380952380952,0.703
1789400045,681855219,map,-0.18381999999999998,-0.03838,0.707
1789400045,781818670,map,-0.18329999999999996,-0.03827142857142857,0.705
1789400045,881948519,map,0.48451333333333335,0.08147333333333333,0.707
1789400045,981710410,map,-0.18381999999999998,-0.03838,0.707
1789400046,81814898,map,-0.1884038095238095,-0.03553523809523809,0.704
1789400046,181833295,map,-0.19108571428571428,-0.03553523809523809,0.704
1789400046,281813763,map,-0.1900142857142857,-0.03558571428571428,0.705
1789400046,381705685,map,-0.18732857142857143,-0.03558571428571428,0.705
1789400046,481901174,map,0.48455714285714285,0.08527142857142857,0.705
1789400046,581746673,map,0.48586,0.08551333333333333,0.707
1789400046,682160978,map,0.48586,0.08551333333333333,0.707
1789400046,782183081,map,0.48584,0.08428571428571428,0.708
1789400046,881910985,map,0.48584,0.0856342857142857,0.708
1789400046,982089622,map,0.48584,0.08428571428571428,0.708
1789400047,81816153,map,0.48584,0.08428571428571428,0.708
1789400047,181927855,map,0.48451333333333335,0.08416666666666667,0.707
1789400047,282026467,map,0.4844914285714286,0.08293714285714285,0.708
1789400047,382165405,map,0.4844914285714286,0.08293714285714285,0.708
1789400047,481839757,map,0.48314285714285715,0.08293714285714285,0.708
1789400047,581842272,map,0.47918571428571427,0.08124285714285713,0.705
1789400047,681767391,map,-0.21194571428571427,-0.04266,0.711
1789400047,781673457,map,-0.21525809523809522,-0.03463142857142857,0.713
1789400047,881940868,map,0.4501428571428572,0.06847047619047618,0.698
1789400047,981643579,map,0.44866666666666666,0.07,0.7
1789400048,81757556,map,0.44866666666666666,0.07,0.7
1789400048,182060125,map,0.45035714285714284,0.0747952380952381,0.695
1789400048,281846526,map,0.4606104761904762,0.07811142857142857,0.701
1789400048,381859343,map,0.4672866666666667,0.07944666666666667,0.701
1789400048,481780321,map,0.47000000000000003,0.07933333333333333,0.7
1789400048,581808321,map,0.4713333333333333,0.07933333333333333,0.7
1789400048,681951389,map,0.4672866666666667,0.07811142857142857,0.701
1789400048,782052188,map,0.4672866666666667,0.07811142857142857,0.701
1789400048,881989165,map,0.45280190476190474,0.07378857142857143,0.698
1789400048,982105969,map,0.4434952380952381,0.07245904761904762,0.698
1789400049,82127082,map,0.43826571428571426,0.06969999999999998,0.697
1789400049,182102998,map,0.43844285714285713,0.07082380952380952,0.695
1789400049,281754516,map,0.43711904761904763,0.07082380952380952,0.695
1789400049,381730440,map,0.43711904761904763,0.07082380952380952,0.695
1789400049,482291324,map,-0.2288390476190476,-0.04006380952380952,0.713
1789400049,581854417,map,-0.22684285714285715,-0.03859714285714286,0.711
1789400049,681760627,map,0.43711904761904763,0.07082380952380952,0.695
1789400049,782136858,map,0.4410904761904762,0.07347142857142856,0.695
1789400049,881845266,map,0.44506190476190477,0.07214761904761904,0.695
1789400049,981789548,map,0.44866666666666666,0.07266666666666666,0.7
1789400050,81657418,map,-0.2133,-0.03588857142857143,0.711
1789400050,181974177,map,-0.21105142857142856,-0.03438857142857143,0.708
1789400050,281753124,map,0.4541314285714286,0.07378857142857143,0.698
1789400050,381808313,map,0.45280190476190474,0.07511809523809523,0.698
1789400050,481757912,map,0.45147238095238096,0.07378857142857143,0.698
1789400050,581699243,map,0.45,0.07266666666666666,0.7
1789400050,681801192,map,0.45,0.07266666666666666,0.7
1789400050,782073746,map,0.446,0.07133333333333333,0.7
1789400050,881823290,map,0.44466666666666665,0.07,0.7
1789400050,981849607,map,0.44333333333333336,0.07,0.7
1789400051,81741682,map,0.44333333333333336,0.07,0.7
1789400051,181762517,map,0.442,0.06733333333333333,0.7
1789400051,281707243,map,0.44066666666666665,0.06866666666666667,0.7
1789400051,381766879,map,0.44066666666666665,0.06866666666666667,0.7
1789400051,481786496,map,0.43933333333333335,0.06866666666666667,0.7
1789400051,582001694,map,0.43933333333333335,0.06866666666666667,0.7
1789400051,681778686,map,0.43950666666666666,0.06714095238095237,0.698
1789400051,781765070,map,0.43950666666666666,0.06847047619047618,0.698
1789400051,881793249,map,0.438,0.06733333333333333,0.7
1789400051,981491748,map,0.43826571428571426,0.06837238095238095,0.697
1789400052,81363907,map,0.43826571428571426,0.06837238095238095,0.697
1789400052,181275810,map,0.43826571428571426,0.06837238095238095,0.697
1789400052,281423734,map,0.43826571428571426,0.0670447619047619,0.697
1789400052,381444492,map,0.43950666666666666,0.06847047619047618,0.698
1789400052,481441333,map,0.43950666666666666,0.06847047619047618,0.698
1789400052,581445679,map,0.43976666666666664,0.06817619047619047,0.695
1789400052,681432964,map,0.43950666666666666,0.06847047619047618,0.698
1789400052,781436479,map,0.43826571428571426,0.06837238095238095,0.697
1789400052,881519939,map,0.43826571428571426,0.06837238095238095,0.697
1789400052,981430927,map,0.43826571428571426,0.06837238095238095,0.697
1789400053,81540812,map,0.43959333333333334,0.06837238095238095,0.697
1789400053,181419059,map,0.43959333333333334,0.06837238095238095,0.697
1789400053,281457692,map,0.43950666666666666,0.06847047619047618,0.698
1789400053,381400114,map,0.43959333333333334,0.06837238095238095,0.697
1789400053,481434199,map,0.43959333333333334,0.0670447619047619,0.697
1789400053,581314491,map,0.43950666666666666,0.06847047619047618,0.698
1789400053,681351815,map,0.43950666666666666,0.06847047619047618,0.698
1789400053,781411606,map,0.43959333333333334,0.06837238095238095,0.697
1789400053,881408926,map,0.4409209523809524,0.06837238095238095,0.697
1789400053,981319009,map,0.43959333333333334,0.06837238095238095,0.697
1789400054,81841045,map,0.43976666666666664,0.06817619047619047,0.695
1789400054,181790022,map,0.43976666666666664,0.06817619047619047,0.695
1789400054,281790610,map,0.43826571428571426,0.0670447619047619,0.697
1789400054,381717974,map,0.43959333333333334,0.06837238095238095,0.697
1789400054,481781965,map,0.43959333333333334,0.06837238095238095,0.697
1789400054,581895819,map,0.43976666666666664,0.06817619047619047,0.695
1789400054,681848072,map,0.43976666666666664,0.06817619047619047,0.695
1789400054,781777521,map,0.43976666666666664,0.06817619047619047,0.695
1789400054,881774349,map,0.43976666666666664,0.06685238095238094,0.695
1789400054,981396845,map,0.4410904761904762,0.06817619047619047,0.695
1789400055,81408204,map,0.43976666666666664,0.06817619047619047,0.695
1789400055,181408593,map,0.43976666666666664,0.06817619047619047,0.695
1789400055,281412277,map,0.43959333333333334,0.06837238095238095,0.697
1789400055,381392303,map,0.43976666666666664,0.06817619047619047,0.695
1789400055,481406862,map,0.43959333333333334,0.06837238095238095,0.697
1789400055,581433870,map,0.43826571428571426,0.06837238095238095,0.697
1789400055,681384370,map,0.43976666666666664,0.06949999999999999,0.695
1789400055,781472914,map,0.43959333333333334,0.06837238095238095,0.697
1789400055,881694315,map,0.43959333333333334,0.06837238095238095,0.697
1789400055,982052501,map,-0.18402190476190475,-0.04685428571428571,0.713
1789400056,82213311,map,-0.17919047619047618,-0.0453047619047619,0.71
1789400056,181956542,map,-0.17783809523809524,-0.0453047619047619,0.71
1789400056,282065926,map,0.48171714285714284,0.07516285714285714,0.711
1789400056,381805316,map,0.4897285714285714,0.08011714285714285,0.719
1789400056,482252734,map,0.49246761904761904,0.08285619047619047,0.719
1789400056,581793435,map,-0.17187523809523808,-0.04587904761904761,0.719
1789400056,681687030,map,-0.17115809523809522,-0.04432380952380952,0.716
1789400056,781793605,map,0.4910857142857143,0.08434285714285715,0.72
1789400056,881750896,map,0.4952,0.08297142857142856,0.72
1789400056,981849370,map,0.49655714285714286,0.08607142857142858,0.723
1789400057,82104734,map,-0.1629657142857143,-0.04194476190476191,0.722
1789400057,182061051,map,0.49931238095238095,0.08595238095238095,0.722
1789400057,282120077,map,-0.16228857142857142,-0.04040095238095238,0.719
1789400057,382151794,map,-0.16228857142857142,-0.04177047619047619,0.719
1789400057,481904226,map,-0.1625142857142857,-0.04182857142857143,0.72
1789400057,581825059,map,-0.16228857142857142,-0.04177047619047619,0.719
1789400057,681680839,map,-0.16047142857142857,-0.04302,0.717
1789400057,781659042,map,0.49930857142857143,0.08642857142857142,0.726
1789400057,882008501,map,0.49930857142857143,0.08642857142857142,0.726
1789400057,981807641,map,-0.15957619047619045,-0.04142190476190476,0.713
1789400058,81898798,map,-0.1598,-0.041479999999999996,0.714
1789400058,182130533,map,-0.1598,-0.041479999999999996,0.714
1789400058,281627215,map,-0.1598,-0.041479999999999996,0.714
1789400058,381840292,map,0.49930857142857143,0.08781142857142857,0.726
1789400058,481829386,map,0.5006914285714286,0.08781142857142857,0.726
1789400058,581811974,map,0.4993095238095238,0.09045238095238095,0.725
1789400058,681751484,map,-0.16116,-0.03876,0.714
1789400058,781951513,map,-0.16116,-0.037399999999999996,0.714
1789400058,882223856,map,0.4993095238095238,0.09045238095238095,0.725
1789400058,981807016,map,0.49792857142857144,0.08907142857142857,0.725
1789400059,81826251,map,0.49518666666666666,0.08732761904761906,0.722
1789400059,182318404,map,0.49380285714285715,0.08469428571428572,0.723
1789400059,281904406,map,0.4896857142857143,0.08320190476190475,0.722
1789400059,381801361,map,-0.17485714285714285,-0.0432,0.72
1789400059,482158860,map,0.48835904761904764,0.08422571428571428,0.719
1789400059,581871391,map,0.4883104761904762,0.08320190476190475,0.722
1789400059,681852415,map,0.4869895238095238,0.08422571428571428,0.719
1789400059,781800882,map,0.4869895238095238,0.08422571428571428,0.719
1789400059,881720991,map,-0.17587333333333333,-0.04006380952380952,0.713
1789400059,981752278,map,0.48975714285714284,0.08399142857142858,0.717
1789400060,82264973,map,-0.17402571428571428,-0.03859714285714286,0.711
1789400060,182081020,map,-0.17451523809523808,-0.037347619047619046,0.713
1789400060,282033796,map,-0.1751333333333333,-0.03583809523809523,0.71
1789400060,381863740,map,0.48848857142857144,0.08870571428571428,0.711
1789400060,481833583,map,0.4898142857142857,0.08488095238095238,0.713
1789400060,581894386,map,0.49117238095238097,0.08352285714285713,0.713
1789400060,682082320,map,0.4925514285714286,0.08599714285714286,0.711
1789400060,781789940,map,-0.17439333333333334,-0.037033333333333335,0.707
1789400060,882374743,map,0.4898142857142857,0.08488095238095238,0.713
1789400060,981806505,map,0.4898,0.085,0.714
1789400061,81943005,map,0.4883914285714286,0.08535714285714285,0.717
1789400061,182077558,map,0.4869895238095238,0.0855952380952381,0.719
1789400061,282090403,map,-0.17461428571428572,-0.04040095238095238,0.719
1789400061,381774451,map,0.4924257142857143,0.08744857142857143,0.723
1789400061,482084591,map,-0.16932,-0.03876,0.714
1789400061,581914625,map,-0.17003142857142856,-0.03755714285714285,0.717
1789400061,681884115,map,-0.17007714285714284,-0.039248571428571424,0.723
1789400061,781957914,map,0.4924257142857143,0.08607142857142858,0.723
1789400061,881859267,map,0.4937857142857143,0.08630952380952381,0.725
1789400061,981766879,map,0.4937857142857143,0.08492857142857142,0.725
1789400062,81838225,map,0.4937857142857143,0.08492857142857142,0.725
1789400062,182216449,map,-0.16566666666666666,-0.03854285714285714,0.71
1789400062,281893032,map,-0.16659999999999997,-0.037399999999999996,0.714
1789400062,381773217,map,0.49518666666666666,0.08732761904761906,0.722
1789400062,482066837,map,0.49518666666666666,0.08870285714285714,0.722
1789400062,581993096,map,0.49518,0.08882571428571429,0.723
1789400062,681730053,map,0.49656190476190476,0.09145333333333333,0.722
1789400062,782161328,map,-0.1643390476190476,-0.036140952380952385,0.716
1789400062,881915220,map,-0.16456857142857143,-0.03619142857142857,0.717
1789400062,981927319,map,0.49518666666666666,0.09145333333333333,0.722
1789400063,81718286,map,-0.1732447619047619,-0.03903142857142857,0.719
1789400063,182162124,map,0.4897142857142857,0.08708571428571428,0.72
1789400063,281800883,map,0.4896714285714286,0.08607142857142858,0.723
1789400063,381892363,map,-0.17598380952380951,-0.03903142857142857,0.719
1789400063,481675913,map,-0.17735333333333334,-0.03903142857142857,0.719
1789400063,581914303,map,0.48697142857142856,0.08571428571428572,0.72
1789400063,681819101,map,0.4869895238095238,0.0855952380952381,0.719
1789400063,781853282,map,0.48566,0.08535714285714285,0.717
1789400063,881807373,map,0.48568,0.08523809523809524,0.716
1789400063,981821220,map,0.48704380952380955,0.08523809523809524,0.716
1789400064,81672170,map,0.48835904761904764,0.0855952380952381,0.719
1789400064,181753192,map,0.48835904761904764,0.0855952380952381,0.719
1789400064,281980796,map,0.48975714285714284,0.08672285714285714,0.717
1789400064,381810196,map,0.4910980952380952,0.0869647619047619,0.719
1789400064,481780839,map,0.49112285714285714,0.08672285714285714,0.717
1789400064,581788366,map,0.4924990476190476,0.08796571428571427,0.716
1789400064,681879283,map,0.4924990476190476,0.08796571428571427,0.716
1789400064,781711190,map,0.49248857142857144,0.08945428571428571,0.717
1789400064,881749052,map,0.49248857142857144,0.08945428571428571,0.717
1789400064,982039901,map,0.49386285714285716,0.0893295238095238,0.716
1789400065,81995408,map,0.49794285714285713,0.08982857142857142,0.72
1789400065,182118600,map,0.5006904761904762,0.08907142857142857,0.725
1789400065,281860185,map,-0.15436,-0.040119999999999996,0.714
1789400065,381798074,map,0.5020742857142857,0.09195999999999999,0.726
1789400065,481765327,map,-0.16116,-0.03876,0.714
1789400065,581779929,map,0.5006914285714286,0.09195999999999999,0.726
1789400065,681992628,map,-0.16388571428571427,-0.04045714285714285,0.72
1789400065,781800389,map,-0.17068,-0.040119999999999996,0.714
1789400065,882026780,map,-0.17622857142857143,-0.04045714285714285,0.72
1789400065,981913477,map,-0.18034285714285714,-0.04045714285714285,0.72
1789400066,82006779,map,-0.18435714285714286,-0.039357142857142854,0.725
1789400066,181720710,map,-0.18435714285714286,-0.039357142857142854,0.725
1789400066,281885499,map,-0.1817142857142857,-0.04045714285714285,0.72
1789400066,382127376,map,-0.18095714285714284,-0.041654285714285706,0.717
1789400066,482069700,map,-0.18130571428571426,-0.04413809523809524,0.713
1789400066,581833751,map,0.4980142857142857,0.056261904761904756,0.695
1789400066,681665552,map,0.5006609523809524,0.07072190476190476,0.694
1789400066,781708179,map,0.5006609523809524,0.07072190476190476,0.694
1789400066,881889619,map,0.5227333333333334,0.06560190476190476,0.682
1789400066,981891666,map,0.5323,0.07663333333333333,0.665
1789400067,81859290,map,0.5368047619047619,0.08795714285714286,0.655
1789400067,181832305,map,-0.16216857142857144,-0.02712857142857143,0.633
1789400067,281730227,map,-0.1663095238095238,-0.027214285714285715,0.635
1789400067,381821696,map,-0.1663095238095238,-0.027214285714285715,0.635
1789400067,481776824,map,-0.16536,-0.026045714285714283,0.636
1789400067,581813184,map,-0.17005714285714285,-0.02742857142857143,0.64
1789400067,681770692,map,-0.17466,-0.027385714285714284,0.639
1789400067,782093114,map,-0.17598571428571427,-0.027214285714285715,0.635
1789400067,881791268,map,0.5166114285714286,0.08551809523809524,0.646
1789400067,981852162,map,0.5153571428571428,0.08538571428571429,0.645
1789400068,81724063,map,0.5116533333333333,0.08525333333333333,0.644
1789400068,181676901,map,-0.18174666666666667,-0.027171428571428572,0.634
1789400068,282399177,map,0.5116714285714286,0.08415714285714286,0.645
1789400068,382157668,map,0.5166371428571429,0.0856504761904762,0.647
1789400068,481858308,map,-0.16770000000000002,-0.030100000000000002,0.645
1789400068,581821179,map,-0.15834285714285717,-0.03166857142857143,0.652
1789400068,681848031,map,0.52752,0.09024000000000001,0.672
1789400068,781734569,map,0.5200761904761905,0.07836190476190476,0.68
1789400068,881975908,map,-0.16654285714285716,-0.0453047619047619,0.67
1789400068,981862116,map,-0.17111428571428572,-0.05230285714285715,0.678
1789400069,81922477,map,-0.18572761904761903,-0.06279047619047619,0.694
1789400069,181855626,map,-0.19812380952380954,-0.06964761904761904,0.71
1789400069,282050502,map,-0.20645238095238097,-0.05730952380952381,0.725
1789400069,381850231,map,-0.21041333333333334,-0.05382666666666667,0.734
1789400069,481957607,map,-0.21041333333333334,-0.05382666666666667,0.734
1789400069,581847256,map,-0.21408095238095237,-0.054046666666666666,0.737
1789400069,682062783,map,-0.21008000000000002,-0.053386666666666666,0.728
1789400069,781900662,map,0.46944285714285716,0.06450952380952381,0.713
1789400069,881844362,map,-0.1927142857142857,-0.06018095238095238,0.71
1789400069,981893036,map,-0.19108571428571428,-0.05699047619047619,0.704
1789400070,81644660,map,-0.19108571428571428,-0.05699047619047619,0.704
1789400070,181833834,map,-0.19135714285714284,-0.051699999999999996,0.705
1789400070,281835225,map,-0.18945428571428571,-0.04957047619047619,0.713
1789400070,382087669,map,-0.17797714285714286,-0.04977904761904762,0.716
1789400070,482021379,map,0.4910609523809524,0.07632571428571429,0.722
1789400070,582018619,map,0.4910857142857143,0.07748571428571428,0.72
1789400070,681775540,map,0.49245714285714287,0.07885714285714285,0.72
1789400070,781821311,map,-0.16932,-0.048279999999999997,0.714
1789400070,882230078,map,-0.16932,-0.046919999999999996,0.714
1789400070,981753065,map,-0.16866571428571428,-0.04711714285714286,0.717
1789400071,81797147,map,0.49516666666666664,0.0807857142857143,0.725
1789400071,182086124,map,0.4952,0.08159999999999999,0.72
1789400071,281887774,map,0.49518666666666666,0.08045142857142858,0.722
1789400071,381696365,map,0.4952066666666667,0.08422571428571428,0.719
1789400071,481811003,map,-0.16659999999999997,-0.044199999999999996,0.714
1789400071,581917469,map,-0.16519999999999999,-0.037085714285714284,0.708
1789400071,681904631,map,-0.1611542857142857,-0.035737142857142856,0.708
